family,cost_type,alpha,mu,iqr,K_star,gain_at_K_star,tail_share_K5
normal,linear,0.1,0.05,0.2,7,0.0014874894100177002,0.11014091532204984
normal,linear,0.3,0.05,0.2,12,0.004616651234761534,0.10887087930973037
normal,linear,0.5,0.05,0.2,13,0.00702040661045615,0.1079271727502185
normal,quadratic,0.1,0.05,0.2,10,0.0016763698431473983,0.11014091532204984
normal,quadratic,0.3,0.05,0.2,13,0.004893900990472795,0.10887087930973037
normal,quadratic,0.5,0.05,0.2,16,0.007326863547276098,0.1079271727502185
normal,exponential,0.1,0.05,0.2,12,0.0007496227363048664,0.11014091532204984
normal,exponential,0.3,0.05,0.2,18,0.004017393829298689,0.10887087930973037
normal,exponential,0.5,0.05,0.2,22,0.0064948372921593564,0.1079271727502185
normal,power_law,0.1,0.05,0.2,8,0.0015841490278052628,0.11014091532204984
normal,power_law,0.3,0.05,0.2,12,0.004732838788652052,0.10887087930973037
normal,power_law,0.5,0.05,0.2,13,0.007138436065815384,0.1079271727502185
laplace,linear,0.1,0.05,0.2,10,0.0032082049186016167,0.16154133636189955
laplace,linear,0.3,0.05,0.2,16,0.009360413190238547,0.15508621625878166
laplace,linear,0.5,0.05,0.2,20,0.01403909864413334,0.15047819525795383
laplace,quadratic,0.1,0.05,0.2,12,0.003452645581694259,0.16154133636189955
laplace,quadratic,0.3,0.05,0.2,17,0.009690680610354723,0.15508621625878166
laplace,quadratic,0.5,0.05,0.2,20,0.01438609864413334,0.15047819525795383
laplace,exponential,0.1,0.05,0.2,15,0.0025513291394993025,0.16154133636189955
laplace,exponential,0.3,0.05,0.2,22,0.008893055519345605,0.15508621625878166
laplace,exponential,0.5,0.05,0.2,29,0.01366139306929866,0.15047819525795383
laplace,power_law,0.1,0.05,0.2,10,0.003318654621893519,0.16154133636189955
laplace,power_law,0.3,0.05,0.2,16,0.009480346391960876,0.15508621625878166
laplace,power_law,0.5,0.05,0.2,20,0.014154221352023542,0.15047819525795383
t3,linear,0.1,0.05,0.2,28,0.0049917218265146295,0.246490443946032
t3,linear,0.3,0.05,0.2,47,0.013488264269176408,0.22068656907348594
t3,linear,0.5,0.05,0.2,60,0.019934510317916886,0.20774565644522747
t3,quadratic,0.1,0.05,0.2,24,0.005326296769972414,0.246490443946032
t3,quadratic,0.3,0.05,0.2,29,0.01351818209015524,0.22068656907348594
t3,quadratic,0.5,0.05,0.2,38,0.019613109522615173,0.20774565644522747
t3,exponential,0.1,0.05,0.2,47,0.00498123084977437,0.246490443946032
t3,exponential,0.3,0.05,0.2,60,0.013773948084810982,0.22068656907348594
t3,exponential,0.5,0.05,0.2,60,0.020262981004960448,0.20774565644522747
t3,power_law,0.1,0.05,0.2,20,0.005090926842843087,0.246490443946032
t3,power_law,0.3,0.05,0.2,47,0.013421290214740873,0.22068656907348594
t3,power_law,0.5,0.05,0.2,54,0.019766724567197722,0.20774565644522747
