N,c,theoretical_hill,hill_median,hill_p25,hill_p75,hhi_median,hhi_p25,hhi_p75,top10_median,top10_p25,top10_p75,floor_frac_median,floor_frac_p25,floor_frac_p75
50,0.03,1.0309278350515465,0.7982349484230016,0.7970232100708973,0.8035592716869315,0.26334167512157725,0.260992922775645,0.26561720752652407,0.827090351246915,0.8253292002159408,0.8285931052631825,0.0872308,0.0836274,0.0904276
50,0.05,1.0526315789473684,0.8646010974187378,0.839403586647146,0.8715665569127649,0.2222689748467721,0.21405368221238397,0.2340400888885934,0.7865181000478864,0.781552838322676,0.7879514581158618,0.0922896,0.0893936,0.0971148
50,0.0566,1.0599957600169598,0.8997606301647352,0.8744823526287255,0.9034176130614097,0.2155286203805297,0.20859687651324593,0.22018326273870686,0.7700274581815219,0.7655894046462961,0.7732840881544595,0.090525,0.0898306,0.0915882
50,0.08,1.0869565217391304,0.9595887213704573,0.9415606445582274,0.9617988482121326,0.18339208830147702,0.17398366072101817,0.18394521619399573,0.7250089520331604,0.7228168207317448,0.734696181016875,0.0994296,0.0967716,0.10212
50,0.1,1.1111111111111112,1.0056610643380282,0.9976147396682415,1.0090218412004246,0.15518821666341506,0.15372746396862638,0.15560097022412903,0.6898728337308735,0.6896625796610585,0.6903507525127399,0.1028044,0.1005356,0.1066292
50,0.15,1.1764705882352942,1.1056601023610093,1.0881833651801252,1.1138539893678763,0.11943055062005387,0.11907775589219857,0.12889165381266293,0.6279336794073567,0.6247063737932017,0.6300738795869151,0.1252712,0.1242076,0.1260524
50,0.2,1.25,1.1972049264538511,1.1923171891138944,1.2082245623041197,0.09685172720277956,0.09631262755194517,0.09942597162881246,0.5683529668378482,0.567624834018958,0.5708647915131826,0.1293788,0.129003,0.13869
50,0.3,1.4285714285714286,1.3917246339567901,1.3848431393794627,1.4293202778687228,0.06738242408048148,0.06673683564689878,0.06751543844595238,0.48353078804980376,0.4785349879557546,0.4855051987323612,0.1674648,0.1590648,0.1796208
50,0.4,1.6666666666666667,1.6163147314173592,1.6159941114214216,1.6257462013754775,0.048778043079283136,0.047434173319929794,0.049834779926181266,0.40431157092049597,0.3985382245954473,0.4049038405107297,0.193035,0.185235,0.2043796
50,0.5,2.0,1.8616572982905724,1.8183770124078613,1.869023273061675,0.037304331121730934,0.037079153409691,0.038524922380829156,0.33967620971355367,0.3377133342190797,0.3411292892008183,0.2366292,0.2311214,0.237118
200,0.0566,1.0599957600169598,0.8328755991484911,0.8319900861952008,0.8415456313222079,0.1377963065777412,0.135327639693319,0.14153851657791375,0.8215035934454888,0.8199189784308974,0.8265220989690389,0.11493965,0.1100458,0.11501875
200,0.15,1.1764705882352942,1.034886239909035,1.030425014624334,1.0351974810048832,0.06321851646297431,0.06238911067332299,0.06453337512707433,0.676928040155472,0.6749595012762255,0.6781157213363973,0.1387598,0.1266669,0.1403784
200,0.3,1.4285714285714286,1.3030971029855944,1.297828793908472,1.3071161539209681,0.029014731458650703,0.02843653970400994,0.02902244809733942,0.5149562780272854,0.5122212130170365,0.5177274423765605,0.17644955,0.16747395,0.17828815
