quantile_id,cost_type_id,alpha,median,q25,q75
0.000000000000000000e+00,0.000000000000000000e+00,0.000000000000000000e+00,3.263051478532700059e-05,3.262297324222150098e-05,3.264172871375105208e-05
0.000000000000000000e+00,0.000000000000000000e+00,2.000000000000000042e-02,2.996511022180779431e-05,2.907363454212306026e-05,3.115587949021094685e-05
0.000000000000000000e+00,0.000000000000000000e+00,4.000000000000000083e-02,2.908041663644039791e-05,2.827170929305593088e-05,2.994312715606958325e-05
0.000000000000000000e+00,0.000000000000000000e+00,5.999999999999999778e-02,3.127034105711022399e-05,3.033388567612297937e-05,3.213601678298531910e-05
0.000000000000000000e+00,0.000000000000000000e+00,8.000000000000000167e-02,3.189567620050244416e-05,3.085998798325004526e-05,3.303314463493532899e-05
0.000000000000000000e+00,0.000000000000000000e+00,1.000000000000000056e-01,3.292919443385224071e-05,3.172389610764058646e-05,3.435577912518288053e-05
0.000000000000000000e+00,0.000000000000000000e+00,1.199999999999999956e-01,3.523587581565273215e-05,3.364709803409850355e-05,3.643343321838272508e-05
0.000000000000000000e+00,0.000000000000000000e+00,1.400000000000000133e-01,3.428646637880301189e-05,3.239945455991965882e-05,3.644084738761172316e-05
0.000000000000000000e+00,0.000000000000000000e+00,1.600000000000000033e-01,3.754807958883189030e-05,3.483431213215207366e-05,3.966234969203510187e-05
0.000000000000000000e+00,0.000000000000000000e+00,1.799999999999999933e-01,3.907658309093409421e-05,3.578229548016286340e-05,4.140351572381819364e-05
0.000000000000000000e+00,0.000000000000000000e+00,2.000000000000000111e-01,4.060932588680291885e-05,3.702050995328769461e-05,4.435524037142626609e-05
0.000000000000000000e+00,0.000000000000000000e+00,2.200000000000000011e-01,4.389731293437691478e-05,4.043996404595015564e-05,5.015921481053317008e-05
0.000000000000000000e+00,0.000000000000000000e+00,2.399999999999999911e-01,4.645958529041408608e-05,3.915602177028789971e-05,5.557634008741982551e-05
0.000000000000000000e+00,0.000000000000000000e+00,2.600000000000000089e-01,5.160228431746244137e-05,4.286422882977315198e-05,6.341670893998723130e-05
0.000000000000000000e+00,0.000000000000000000e+00,2.800000000000000266e-01,6.078223731567797500e-05,4.508996500007366598e-05,8.227994808570877980e-05
0.000000000000000000e+00,0.000000000000000000e+00,2.999999999999999889e-01,7.032637497389936045e-05,4.858931299026272068e-05,1.152244970450301548e-04
0.000000000000000000e+00,0.000000000000000000e+00,3.200000000000000067e-01,8.800695875282235614e-05,5.550625464249175130e-05,1.389345682255789299e-04
0.000000000000000000e+00,0.000000000000000000e+00,3.400000000000000244e-01,1.035329481959731788e-04,7.014910730022815976e-05,1.939741866846470941e-04
0.000000000000000000e+00,0.000000000000000000e+00,3.599999999999999867e-01,1.108273861039105906e-04,7.503158221619969724e-05,2.089426730738850853e-04
0.000000000000000000e+00,0.000000000000000000e+00,3.800000000000000044e-01,1.566113660430555621e-04,1.016931203984713613e-04,3.004219970145932694e-04
0.000000000000000000e+00,0.000000000000000000e+00,4.000000000000000222e-01,1.890067715703498739e-04,1.400317709384053333e-04,4.187249140354469784e-04
0.000000000000000000e+00,0.000000000000000000e+00,4.199999999999999845e-01,2.599841652837167226e-04,1.575842431071796518e-04,5.084962237973595419e-04
0.000000000000000000e+00,0.000000000000000000e+00,4.400000000000000022e-01,3.129375034103304594e-04,1.833628594291385433e-04,6.596809859259809925e-04
0.000000000000000000e+00,0.000000000000000000e+00,4.600000000000000200e-01,3.171365128118450519e-04,1.814628041518080953e-04,6.588753441859589860e-04
0.000000000000000000e+00,0.000000000000000000e+00,4.799999999999999822e-01,4.843893023431373969e-04,2.368986625843972683e-04,9.707960998117921934e-04
0.000000000000000000e+00,0.000000000000000000e+00,5.000000000000000000e-01,5.394517599126557325e-04,2.775636415250628750e-04,1.104562454027822188e-03
1.000000000000000000e+00,0.000000000000000000e+00,0.000000000000000000e+00,7.606605676648903799e-05,7.604438570336963948e-05,7.610292769305828839e-05
1.000000000000000000e+00,0.000000000000000000e+00,2.000000000000000042e-02,7.027422064920821288e-05,6.875661315940340872e-05,7.280510167472776498e-05
1.000000000000000000e+00,0.000000000000000000e+00,4.000000000000000083e-02,7.108488813317858528e-05,6.944793579545065199e-05,7.303076524062722342e-05
1.000000000000000000e+00,0.000000000000000000e+00,5.999999999999999778e-02,7.249153247468230140e-05,7.069870957289235258e-05,7.465217942115110275e-05
1.000000000000000000e+00,0.000000000000000000e+00,8.000000000000000167e-02,7.750313021586355689e-05,7.482579824696455710e-05,8.153688829772407388e-05
1.000000000000000000e+00,0.000000000000000000e+00,1.000000000000000056e-01,7.936555933976514811e-05,7.543466271218015955e-05,8.215438452431301174e-05
1.000000000000000000e+00,0.000000000000000000e+00,1.199999999999999956e-01,8.570385435891980847e-05,7.996645452969388486e-05,8.933293659323874713e-05
1.000000000000000000e+00,0.000000000000000000e+00,1.400000000000000133e-01,9.113102508501703621e-05,8.227562099404537828e-05,9.554962997342730878e-05
1.000000000000000000e+00,0.000000000000000000e+00,1.600000000000000033e-01,9.691996095111590618e-05,8.628613844907420650e-05,1.033348368511989980e-04
1.000000000000000000e+00,0.000000000000000000e+00,1.799999999999999933e-01,1.142704349359769658e-04,9.564750797308866942e-05,1.418692155721188103e-04
1.000000000000000000e+00,0.000000000000000000e+00,2.000000000000000111e-01,1.380734020956434882e-04,1.022071316383851077e-04,1.657292263612133955e-04
1.000000000000000000e+00,0.000000000000000000e+00,2.200000000000000011e-01,1.607142634079193708e-04,1.116665765232054212e-04,1.995355141989211872e-04
1.000000000000000000e+00,0.000000000000000000e+00,2.399999999999999911e-01,2.093108688663130581e-04,1.289218602674324524e-04,2.914001369887955599e-04
1.000000000000000000e+00,0.000000000000000000e+00,2.600000000000000089e-01,2.232175458849224167e-04,1.375816872247014446e-04,3.442836333834420185e-04
1.000000000000000000e+00,0.000000000000000000e+00,2.800000000000000266e-01,2.961448484185311516e-04,1.898393120029104558e-04,5.159195836701110406e-04
1.000000000000000000e+00,0.000000000000000000e+00,2.999999999999999889e-01,3.722639974429621653e-04,2.563252868543750072e-04,6.213470624450710992e-04
1.000000000000000000e+00,0.000000000000000000e+00,3.200000000000000067e-01,4.588400551823869984e-04,2.962695429199957366e-04,7.213394642220517360e-04
1.000000000000000000e+00,0.000000000000000000e+00,3.400000000000000244e-01,5.557404505072117105e-04,4.065200937313093936e-04,9.986804366235737217e-04
1.000000000000000000e+00,0.000000000000000000e+00,3.599999999999999867e-01,5.706693202766036262e-04,4.086800892007303766e-04,1.026299791197292409e-03
1.000000000000000000e+00,0.000000000000000000e+00,3.800000000000000044e-01,8.063578719515353396e-04,5.508551002572930786e-04,1.384176277447375604e-03
1.000000000000000000e+00,0.000000000000000000e+00,4.000000000000000222e-01,9.585092416380648845e-04,7.434822686582483794e-04,1.796397903047967709e-03
1.000000000000000000e+00,0.000000000000000000e+00,4.199999999999999845e-01,1.259061922348802924e-03,8.292477549779579422e-04,2.072467258646152818e-03
1.000000000000000000e+00,0.000000000000000000e+00,4.400000000000000022e-01,1.476702967322569577e-03,9.834719285925384510e-04,2.587786273384001107e-03
1.000000000000000000e+00,0.000000000000000000e+00,4.600000000000000200e-01,1.437935317719733763e-03,9.374399946095072567e-04,2.512009457914624565e-03
1.000000000000000000e+00,0.000000000000000000e+00,4.799999999999999822e-01,2.022144146841368516e-03,1.162020014095120190e-03,3.379370419129962538e-03
1.000000000000000000e+00,0.000000000000000000e+00,5.000000000000000000e-01,2.242366871752077620e-03,1.317482586354715894e-03,3.704782174461521398e-03
2.000000000000000000e+00,0.000000000000000000e+00,0.000000000000000000e+00,4.530339026827474901e-04,4.529091737847780550e-04,4.540715229437214851e-04
2.000000000000000000e+00,0.000000000000000000e+00,2.000000000000000042e-02,4.113772491872205966e-04,4.031251579743705643e-04,4.289430503952340362e-04
2.000000000000000000e+00,0.000000000000000000e+00,4.000000000000000083e-02,4.168987804888446883e-04,4.045384311323895225e-04,4.274342435832204079e-04
2.000000000000000000e+00,0.000000000000000000e+00,5.999999999999999778e-02,3.920985621411088480e-04,3.861188443860061217e-04,4.104110256631019718e-04
2.000000000000000000e+00,0.000000000000000000e+00,8.000000000000000167e-02,4.411930163497441927e-04,4.246547453320717266e-04,5.581098064260977664e-04
2.000000000000000000e+00,0.000000000000000000e+00,1.000000000000000056e-01,6.022896856985586900e-04,4.934318695376122823e-04,8.160861103136959416e-04
2.000000000000000000e+00,0.000000000000000000e+00,1.199999999999999956e-01,9.125832831436905823e-04,5.586266325505056824e-04,1.483966186333884277e-03
2.000000000000000000e+00,0.000000000000000000e+00,1.400000000000000133e-01,1.500931643642441698e-03,8.317040387158721468e-04,2.593401666692458137e-03
2.000000000000000000e+00,0.000000000000000000e+00,1.600000000000000033e-01,1.942036736644338693e-03,1.064229798661748584e-03,3.478963518763194575e-03
2.000000000000000000e+00,0.000000000000000000e+00,1.799999999999999933e-01,2.687482467083726449e-03,1.469833165902644520e-03,4.770456321453674618e-03
2.000000000000000000e+00,0.000000000000000000e+00,2.000000000000000111e-01,3.723353398545644830e-03,2.101006771281128688e-03,5.545130861481186411e-03
2.000000000000000000e+00,0.000000000000000000e+00,2.200000000000000011e-01,4.324510972025804624e-03,2.489217613828775735e-03,6.083717007063795500e-03
2.000000000000000000e+00,0.000000000000000000e+00,2.399999999999999911e-01,5.252877361064775714e-03,3.156790822208393413e-03,7.540941456579602908e-03
2.000000000000000000e+00,0.000000000000000000e+00,2.600000000000000089e-01,5.531277579083573002e-03,3.431568099653814138e-03,8.209432350396178232e-03
2.000000000000000000e+00,0.000000000000000000e+00,2.800000000000000266e-01,6.374786269186995952e-03,4.252049376718932891e-03,9.770944412829354192e-03
2.000000000000000000e+00,0.000000000000000000e+00,2.999999999999999889e-01,7.203001275496558400e-03,5.235544473287183712e-03,1.029425041000731414e-02
2.000000000000000000e+00,0.000000000000000000e+00,3.200000000000000067e-01,7.793086452395655943e-03,5.643363255414181323e-03,1.058247553878649896e-02
2.000000000000000000e+00,0.000000000000000000e+00,3.400000000000000244e-01,8.552933080819434888e-03,6.557260352893732117e-03,1.250397102094069277e-02
2.000000000000000000e+00,0.000000000000000000e+00,3.599999999999999867e-01,8.521647040755487776e-03,6.666134082378819686e-03,1.267169410693086591e-02
2.000000000000000000e+00,0.000000000000000000e+00,3.800000000000000044e-01,9.884174351867287822e-03,7.641986299869604760e-03,1.397128901911340836e-02
2.000000000000000000e+00,0.000000000000000000e+00,4.000000000000000222e-01,1.116625345001276588e-02,8.597511697730982755e-03,1.465491157926991465e-02
2.000000000000000000e+00,0.000000000000000000e+00,4.199999999999999845e-01,1.199269193429686187e-02,9.239766127551904754e-03,1.465257027128152520e-02
2.000000000000000000e+00,0.000000000000000000e+00,4.400000000000000022e-01,1.361407631865236938e-02,1.045802829767018480e-02,1.665545158879831386e-02
2.000000000000000000e+00,0.000000000000000000e+00,4.600000000000000200e-01,1.315747340611740993e-02,1.009613275395519934e-02,1.616849112926982412e-02
2.000000000000000000e+00,0.000000000000000000e+00,4.799999999999999822e-01,1.501163257876970102e-02,1.149457633518800176e-02,1.725271192939207068e-02
2.000000000000000000e+00,0.000000000000000000e+00,5.000000000000000000e-01,1.583696508366987110e-02,1.210288294918835349e-02,1.754168406492471327e-02
3.000000000000000000e+00,0.000000000000000000e+00,0.000000000000000000e+00,4.093496617855132275e-02,4.073435123858600709e-02,4.385990406977385847e-02
3.000000000000000000e+00,0.000000000000000000e+00,2.000000000000000042e-02,3.246120509289950051e-02,2.986684323304518787e-02,3.444992252752557271e-02
3.000000000000000000e+00,0.000000000000000000e+00,4.000000000000000083e-02,3.599198835480586084e-02,3.415219952366500833e-02,3.975529482411220561e-02
3.000000000000000000e+00,0.000000000000000000e+00,5.999999999999999778e-02,4.044166051841154713e-02,3.673482182367844573e-02,5.430492777052148973e-02
3.000000000000000000e+00,0.000000000000000000e+00,8.000000000000000167e-02,6.876366812444850707e-02,6.750950021583028426e-02,1.096053071122914668e-01
3.000000000000000000e+00,0.000000000000000000e+00,1.000000000000000056e-01,1.112851983739845257e-01,9.019513967493549000e-02,1.332960664699040232e-01
3.000000000000000000e+00,0.000000000000000000e+00,1.199999999999999956e-01,1.264631724165082016e-01,1.064283759885802927e-01,1.414342428954504516e-01
3.000000000000000000e+00,0.000000000000000000e+00,1.400000000000000133e-01,1.404365026663728089e-01,1.254273432944714994e-01,1.491390721011869591e-01
3.000000000000000000e+00,0.000000000000000000e+00,1.600000000000000033e-01,1.486840030177719874e-01,1.407014371918775264e-01,1.514744434308298027e-01
3.000000000000000000e+00,0.000000000000000000e+00,1.799999999999999933e-01,1.493729967608079245e-01,1.440797372813001354e-01,1.524194782860092690e-01
3.000000000000000000e+00,0.000000000000000000e+00,2.000000000000000111e-01,1.518679801677502716e-01,1.458765659079179211e-01,1.552990393699556770e-01
3.000000000000000000e+00,0.000000000000000000e+00,2.200000000000000011e-01,1.518637006624564412e-01,1.443494633154049633e-01,1.567954691988229787e-01
3.000000000000000000e+00,0.000000000000000000e+00,2.399999999999999911e-01,1.530053146185428037e-01,1.478610237705782204e-01,1.571749510861225330e-01
3.000000000000000000e+00,0.000000000000000000e+00,2.600000000000000089e-01,1.548627871490866337e-01,1.505201497993953474e-01,1.591521656897068038e-01
3.000000000000000000e+00,0.000000000000000000e+00,2.800000000000000266e-01,1.560243095420003057e-01,1.506615887389667341e-01,1.589041371999085073e-01
3.000000000000000000e+00,0.000000000000000000e+00,2.999999999999999889e-01,1.541849796120487170e-01,1.483114478808790493e-01,1.582311361879408518e-01
3.000000000000000000e+00,0.000000000000000000e+00,3.200000000000000067e-01,1.525649932390116259e-01,1.458553465570882057e-01,1.579557097579538938e-01
3.000000000000000000e+00,0.000000000000000000e+00,3.400000000000000244e-01,1.492905116352178096e-01,1.415174424817711163e-01,1.545063316778950424e-01
3.000000000000000000e+00,0.000000000000000000e+00,3.599999999999999867e-01,1.506858780452683677e-01,1.420882688068934030e-01,1.548810070240162207e-01
3.000000000000000000e+00,0.000000000000000000e+00,3.800000000000000044e-01,1.471920480202660031e-01,1.353165873894132676e-01,1.540129148498177447e-01
3.000000000000000000e+00,0.000000000000000000e+00,4.000000000000000222e-01,1.438173855864889883e-01,1.276745476905815080e-01,1.520952092000283640e-01
3.000000000000000000e+00,0.000000000000000000e+00,4.199999999999999845e-01,1.377049610392563073e-01,1.213966559102423598e-01,1.506069268019124829e-01
3.000000000000000000e+00,0.000000000000000000e+00,4.400000000000000022e-01,1.330203707169741456e-01,1.133800381980389349e-01,1.458696503844521819e-01
3.000000000000000000e+00,0.000000000000000000e+00,4.600000000000000200e-01,1.348645523721165862e-01,1.161576373540349344e-01,1.474395659960359428e-01
3.000000000000000000e+00,0.000000000000000000e+00,4.799999999999999822e-01,1.237517184612937360e-01,1.005642503811866040e-01,1.413585654908046108e-01
3.000000000000000000e+00,0.000000000000000000e+00,5.000000000000000000e-01,1.188402222716622020e-01,9.554144986638055115e-02,1.363912279758602297e-01
4.000000000000000000e+00,0.000000000000000000e+00,0.000000000000000000e+00,9.447687329322881356e-01,9.435406755013092672e-01,9.450328585166857254e-01
4.000000000000000000e+00,0.000000000000000000e+00,2.000000000000000042e-02,9.563132472712732035e-01,9.539128491858431813e-01,9.596999609040544055e-01
4.000000000000000000e+00,0.000000000000000000e+00,4.000000000000000083e-02,9.512436092237458451e-01,9.464914888928196435e-01,9.542174460998401608e-01
4.000000000000000000e+00,0.000000000000000000e+00,5.999999999999999778e-02,9.477653294723406008e-01,9.309753502913378220e-01,9.530003459982090419e-01
4.000000000000000000e+00,0.000000000000000000e+00,8.000000000000000167e-02,9.108647917001657657e-01,8.421849950630292403e-01,9.309204507382065064e-01
4.000000000000000000e+00,0.000000000000000000e+00,1.000000000000000056e-01,8.358065451533160939e-01,7.740117272255588876e-01,8.459811377191915893e-01
4.000000000000000000e+00,0.000000000000000000e+00,1.199999999999999956e-01,7.904803361055031674e-01,7.293727401168643709e-01,7.991387783764749564e-01
4.000000000000000000e+00,0.000000000000000000e+00,1.400000000000000133e-01,7.454199117942489350e-01,6.915220272637420118e-01,7.586071597088910323e-01
4.000000000000000000e+00,0.000000000000000000e+00,1.600000000000000033e-01,7.161423334819190245e-01,6.636149365103002351e-01,7.312609126913808266e-01
4.000000000000000000e+00,0.000000000000000000e+00,1.799999999999999933e-01,6.899875651134288468e-01,6.400265387492608538e-01,7.060475638458840741e-01
4.000000000000000000e+00,0.000000000000000000e+00,2.000000000000000111e-01,6.599205483354367852e-01,6.088028426929805725e-01,6.735190957673788947e-01
4.000000000000000000e+00,0.000000000000000000e+00,2.200000000000000011e-01,6.399045633845664716e-01,5.936590767838414440e-01,6.588988337025717401e-01
4.000000000000000000e+00,0.000000000000000000e+00,2.399999999999999911e-01,6.207316178062408651e-01,5.692124854468312289e-01,6.317274378898553033e-01
4.000000000000000000e+00,0.000000000000000000e+00,2.600000000000000089e-01,6.091870098600984385e-01,5.591251886088494105e-01,6.209894262114763475e-01
4.000000000000000000e+00,0.000000000000000000e+00,2.800000000000000266e-01,5.877295014560557362e-01,5.330866630023792796e-01,5.984232803943604351e-01
4.000000000000000000e+00,0.000000000000000000e+00,2.999999999999999889e-01,5.631111243425757085e-01,5.082550210881568997e-01,5.729421970233022909e-01
4.000000000000000000e+00,0.000000000000000000e+00,3.200000000000000067e-01,5.405710938399322929e-01,4.917487037425636864e-01,5.549865378246270353e-01
4.000000000000000000e+00,0.000000000000000000e+00,3.400000000000000244e-01,5.186975709064528539e-01,4.567725802233927324e-01,5.331265313451402088e-01
4.000000000000000000e+00,0.000000000000000000e+00,3.599999999999999867e-01,5.185831027613059252e-01,4.518010703031792863e-01,5.302710427989214548e-01
4.000000000000000000e+00,0.000000000000000000e+00,3.800000000000000044e-01,4.840766611478850567e-01,4.164893606341443788e-01,5.126609947775676579e-01
4.000000000000000000e+00,0.000000000000000000e+00,4.000000000000000222e-01,4.536903057548701268e-01,3.760809393800533806e-01,4.913353392203711478e-01
4.000000000000000000e+00,0.000000000000000000e+00,4.199999999999999845e-01,4.313919998513721099e-01,3.597952145228758836e-01,4.815767151719368422e-01
4.000000000000000000e+00,0.000000000000000000e+00,4.400000000000000022e-01,3.904795432653762610e-01,3.083507186590284110e-01,4.611391785372682683e-01
4.000000000000000000e+00,0.000000000000000000e+00,4.600000000000000200e-01,3.995630341767370530e-01,3.180680997675806587e-01,4.666626834261194956e-01
4.000000000000000000e+00,0.000000000000000000e+00,4.799999999999999822e-01,3.483639966266974808e-01,2.721553633399904082e-01,4.437777926087230207e-01
4.000000000000000000e+00,0.000000000000000000e+00,5.000000000000000000e-01,3.224160921687409531e-01,2.662209097751341846e-01,4.177116503085681054e-01
0.000000000000000000e+00,1.000000000000000000e+00,0.000000000000000000e+00,3.263312893759419403e-05,3.262924537381595386e-05,3.263676355399987755e-05
0.000000000000000000e+00,1.000000000000000000e+00,2.000000000000000042e-02,2.657402120777387257e-05,2.510291128410110492e-05,2.852214511113897513e-05
0.000000000000000000e+00,1.000000000000000000e+00,4.000000000000000083e-02,2.590478998412305082e-05,2.460083994988827665e-05,2.760643030501983984e-05
0.000000000000000000e+00,1.000000000000000000e+00,5.999999999999999778e-02,2.746081730063283972e-05,2.576768198834176858e-05,2.931272862385893706e-05
0.000000000000000000e+00,1.000000000000000000e+00,8.000000000000000167e-02,2.783093385743840996e-05,2.594758756669558893e-05,2.952099015304383067e-05
0.000000000000000000e+00,1.000000000000000000e+00,1.000000000000000056e-01,2.834702139742088499e-05,2.624989891397309241e-05,2.989888910685621417e-05
0.000000000000000000e+00,1.000000000000000000e+00,1.199999999999999956e-01,2.981303619256851480e-05,2.750174803989841559e-05,3.128046813839386610e-05
0.000000000000000000e+00,1.000000000000000000e+00,1.400000000000000133e-01,2.879146064353779565e-05,2.682581677432868770e-05,3.038162691382144609e-05
0.000000000000000000e+00,1.000000000000000000e+00,1.600000000000000033e-01,3.099355711904117343e-05,2.821024068004082772e-05,3.232896031646960737e-05
0.000000000000000000e+00,1.000000000000000000e+00,1.799999999999999933e-01,3.147247634095549630e-05,2.852952304962102449e-05,3.290795417663438751e-05
0.000000000000000000e+00,1.000000000000000000e+00,2.000000000000000111e-01,3.212472918504243166e-05,2.902448687250205371e-05,3.351875603009063672e-05
0.000000000000000000e+00,1.000000000000000000e+00,2.200000000000000011e-01,3.403146929423963831e-05,3.121374625165591605e-05,3.507348058060177031e-05
0.000000000000000000e+00,1.000000000000000000e+00,2.399999999999999911e-01,3.275618901632658696e-05,3.047302842280958505e-05,3.461571475706371604e-05
0.000000000000000000e+00,1.000000000000000000e+00,2.600000000000000089e-01,3.557023589697436502e-05,3.205549030099013317e-05,3.737180125851663368e-05
0.000000000000000000e+00,1.000000000000000000e+00,2.800000000000000266e-01,3.638463065312224959e-05,3.317075345250036463e-05,3.838408165426650237e-05
0.000000000000000000e+00,1.000000000000000000e+00,2.999999999999999889e-01,3.754325665897674194e-05,3.374500568049863635e-05,3.980117643279494237e-05
0.000000000000000000e+00,1.000000000000000000e+00,3.200000000000000067e-01,4.042989716697806713e-05,3.546724175795195282e-05,4.374992613279087689e-05
0.000000000000000000e+00,1.000000000000000000e+00,3.400000000000000244e-01,3.963159091886317870e-05,3.438461642842676413e-05,4.426302802754337979e-05
0.000000000000000000e+00,1.000000000000000000e+00,3.599999999999999867e-01,4.294025736419312039e-05,3.731737520475689402e-05,4.907183399897891839e-05
0.000000000000000000e+00,1.000000000000000000e+00,3.800000000000000044e-01,4.680493867332816062e-05,3.885069429394468577e-05,5.534926474143249284e-05
0.000000000000000000e+00,1.000000000000000000e+00,4.000000000000000222e-01,4.798800084501170503e-05,4.070447013862796775e-05,6.865309122566961837e-05
0.000000000000000000e+00,1.000000000000000000e+00,4.199999999999999845e-01,5.483047102708581339e-05,4.428462682648506360e-05,8.128945612897999168e-05
0.000000000000000000e+00,1.000000000000000000e+00,4.400000000000000022e-01,6.534911057341709524e-05,4.461518640137165210e-05,1.031794922381347565e-04
0.000000000000000000e+00,1.000000000000000000e+00,4.600000000000000200e-01,6.788006357992250285e-05,4.857306743683313996e-05,1.056615391026798323e-04
0.000000000000000000e+00,1.000000000000000000e+00,4.799999999999999822e-01,9.033495432441195430e-05,5.761611719347998952e-05,1.515085310055388698e-04
0.000000000000000000e+00,1.000000000000000000e+00,5.000000000000000000e-01,1.089611521798979852e-04,7.796214843478048190e-05,2.115118353060606228e-04
1.000000000000000000e+00,1.000000000000000000e+00,0.000000000000000000e+00,7.608114318083996556e-05,7.604441928550488105e-05,7.609715864619719919e-05
1.000000000000000000e+00,1.000000000000000000e+00,2.000000000000000042e-02,6.389429917790949215e-05,6.020511053170127464e-05,6.779263448786059800e-05
1.000000000000000000e+00,1.000000000000000000e+00,4.000000000000000083e-02,6.401954717718314587e-05,6.031142357825676503e-05,6.791624355757524959e-05
1.000000000000000000e+00,1.000000000000000000e+00,5.999999999999999778e-02,6.524681604452659477e-05,6.120865825864008818e-05,6.886010783600150938e-05
1.000000000000000000e+00,1.000000000000000000e+00,8.000000000000000167e-02,6.833706527423975526e-05,6.369564284495308364e-05,7.205120958391736494e-05
1.000000000000000000e+00,1.000000000000000000e+00,1.000000000000000056e-01,6.790687271077495361e-05,6.315648574550858428e-05,7.086255516243966050e-05
1.000000000000000000e+00,1.000000000000000000e+00,1.199999999999999956e-01,7.044228314826578036e-05,6.559239400096360088e-05,7.310069527279227590e-05
1.000000000000000000e+00,1.000000000000000000e+00,1.400000000000000133e-01,7.104077815325160342e-05,6.705995478210785067e-05,7.385416423341853280e-05
1.000000000000000000e+00,1.000000000000000000e+00,1.600000000000000033e-01,7.334069502547190737e-05,6.720463878606840907e-05,7.638070918957269226e-05
1.000000000000000000e+00,1.000000000000000000e+00,1.799999999999999933e-01,7.827432654570382379e-05,7.391134300049475117e-05,8.179483318105879670e-05
1.000000000000000000e+00,1.000000000000000000e+00,2.000000000000000111e-01,7.946632975597984745e-05,7.263699754983972943e-05,8.170169579032927909e-05
1.000000000000000000e+00,1.000000000000000000e+00,2.200000000000000011e-01,8.406313374127631166e-05,7.815884194236939894e-05,8.719637844884376571e-05
1.000000000000000000e+00,1.000000000000000000e+00,2.399999999999999911e-01,8.839932956772599297e-05,7.883349201488030361e-05,9.366744379932738897e-05
1.000000000000000000e+00,1.000000000000000000e+00,2.600000000000000089e-01,9.238020541476021355e-05,8.019066848767456099e-05,9.913189774729033569e-05
1.000000000000000000e+00,1.000000000000000000e+00,2.800000000000000266e-01,1.045833212675418645e-04,8.546018404009326271e-05,1.157099110705630266e-04
1.000000000000000000e+00,1.000000000000000000e+00,2.999999999999999889e-01,1.144404605415181111e-04,8.971471288026525116e-05,1.355730528850056173e-04
1.000000000000000000e+00,1.000000000000000000e+00,3.200000000000000067e-01,1.272829812367411303e-04,9.746106751141672556e-05,1.538885381254550047e-04
1.000000000000000000e+00,1.000000000000000000e+00,3.400000000000000244e-01,1.450060081689729448e-04,1.072212197466509791e-04,2.000003023271287005e-04
1.000000000000000000e+00,1.000000000000000000e+00,3.599999999999999867e-01,1.503083948132842638e-04,1.120005088679906443e-04,2.107870804175659572e-04
1.000000000000000000e+00,1.000000000000000000e+00,3.800000000000000044e-01,1.863446657889746417e-04,1.318203383724943526e-04,2.899759912999652243e-04
1.000000000000000000e+00,1.000000000000000000e+00,4.000000000000000222e-01,2.214422937424932996e-04,1.558525870042515196e-04,3.964098434338093587e-04
1.000000000000000000e+00,1.000000000000000000e+00,4.199999999999999845e-01,2.817955578913402159e-04,1.811960549134496059e-04,4.660111882972687355e-04
1.000000000000000000e+00,1.000000000000000000e+00,4.400000000000000022e-01,3.478065123766673362e-04,2.391173162356719883e-04,6.508790408803906934e-04
1.000000000000000000e+00,1.000000000000000000e+00,4.600000000000000200e-01,3.349512567908276956e-04,2.296234024704390088e-04,6.441939454724924423e-04
1.000000000000000000e+00,1.000000000000000000e+00,4.799999999999999822e-01,5.019324741675955598e-04,3.378837818426546138e-04,9.183760741271761218e-04
1.000000000000000000e+00,1.000000000000000000e+00,5.000000000000000000e-01,6.374638079575233734e-04,4.563822564537185268e-04,1.163095738390955425e-03
2.000000000000000000e+00,1.000000000000000000e+00,0.000000000000000000e+00,4.532916890784079752e-04,4.528797787887787986e-04,4.539687452969250474e-04
2.000000000000000000e+00,1.000000000000000000e+00,2.000000000000000042e-02,3.781808772662255793e-04,3.639030542537144788e-04,4.067730857202042942e-04
2.000000000000000000e+00,1.000000000000000000e+00,4.000000000000000083e-02,3.792822910685670810e-04,3.596716668824669928e-04,4.086425769339545170e-04
2.000000000000000000e+00,1.000000000000000000e+00,5.999999999999999778e-02,3.662607276428030329e-04,3.414343296648437065e-04,3.752083674326257509e-04
2.000000000000000000e+00,1.000000000000000000e+00,8.000000000000000167e-02,3.888367102423037603e-04,3.608059196786866799e-04,3.946421315689044871e-04
2.000000000000000000e+00,1.000000000000000000e+00,1.000000000000000056e-01,3.973084806184198708e-04,3.841525726304235110e-04,4.187278849528310986e-04
2.000000000000000000e+00,1.000000000000000000e+00,1.199999999999999956e-01,4.153266369106661218e-04,4.070685010470228410e-04,4.375279197500065169e-04
2.000000000000000000e+00,1.000000000000000000e+00,1.400000000000000133e-01,4.280893678779518837e-04,4.198790089281366142e-04,4.857324698545369547e-04
2.000000000000000000e+00,1.000000000000000000e+00,1.600000000000000033e-01,4.245134910368365778e-04,4.057928559304679211e-04,5.570234128992312137e-04
2.000000000000000000e+00,1.000000000000000000e+00,1.799999999999999933e-01,5.237964642814131036e-04,4.540692772493700878e-04,7.459636490279326210e-04
2.000000000000000000e+00,1.000000000000000000e+00,2.000000000000000111e-01,6.735954618554517012e-04,5.134145378018939616e-04,9.329983355745941412e-04
2.000000000000000000e+00,1.000000000000000000e+00,2.200000000000000011e-01,8.371982156832072320e-04,5.432688358728425841e-04,1.195765838747971576e-03
2.000000000000000000e+00,1.000000000000000000e+00,2.399999999999999911e-01,1.232990314417337649e-03,7.075325115516231927e-04,1.981871732919345940e-03
2.000000000000000000e+00,1.000000000000000000e+00,2.600000000000000089e-01,1.369430859211370278e-03,7.621328371347280747e-04,2.381292432809597754e-03
2.000000000000000000e+00,1.000000000000000000e+00,2.800000000000000266e-01,1.940521545626921855e-03,1.052364708360004628e-03,3.106521794968750225e-03
2.000000000000000000e+00,1.000000000000000000e+00,2.999999999999999889e-01,2.685655983419216186e-03,1.429039260304314565e-03,3.960638080203206755e-03
2.000000000000000000e+00,1.000000000000000000e+00,3.200000000000000067e-01,3.066195011709467455e-03,1.677197667519645524e-03,4.384171727241949028e-03
2.000000000000000000e+00,1.000000000000000000e+00,3.400000000000000244e-01,3.827513903546496139e-03,2.313161519451096063e-03,5.342626771938755598e-03
2.000000000000000000e+00,1.000000000000000000e+00,3.599999999999999867e-01,3.955831276388373056e-03,2.464293545575928831e-03,5.405638993037864548e-03
2.000000000000000000e+00,1.000000000000000000e+00,3.800000000000000044e-01,4.825853253507521139e-03,3.156615698050707283e-03,6.317167542007752316e-03
2.000000000000000000e+00,1.000000000000000000e+00,4.000000000000000222e-01,5.620129683487117347e-03,3.925017464624601209e-03,7.438500854901037782e-03
2.000000000000000000e+00,1.000000000000000000e+00,4.199999999999999845e-01,6.043175184228456731e-03,4.494781973976642170e-03,8.048868487424216261e-03
2.000000000000000000e+00,1.000000000000000000e+00,4.400000000000000022e-01,6.831747630515135755e-03,5.398247070075478521e-03,9.410156824083998339e-03
2.000000000000000000e+00,1.000000000000000000e+00,4.600000000000000200e-01,6.719445692877285166e-03,5.264313519685995257e-03,9.221902508249507288e-03
2.000000000000000000e+00,1.000000000000000000e+00,4.799999999999999822e-01,7.569996692957823778e-03,6.286779996691271334e-03,1.080695269870106216e-02
2.000000000000000000e+00,1.000000000000000000e+00,5.000000000000000000e-01,8.823241060056257606e-03,7.249744515100959956e-03,1.203957261150516607e-02
3.000000000000000000e+00,1.000000000000000000e+00,0.000000000000000000e+00,4.109523747417703071e-02,4.089627192095666997e-02,4.367826092524454418e-02
3.000000000000000000e+00,1.000000000000000000e+00,2.000000000000000042e-02,3.035624037376791207e-02,2.867359536837041020e-02,3.216156660907715931e-02
3.000000000000000000e+00,1.000000000000000000e+00,4.000000000000000083e-02,3.299055076038092532e-02,3.119542860980331969e-02,3.558425299235433437e-02
3.000000000000000000e+00,1.000000000000000000e+00,5.999999999999999778e-02,3.461825944360717722e-02,3.172514283592254430e-02,3.991101870535686963e-02
3.000000000000000000e+00,1.000000000000000000e+00,8.000000000000000167e-02,3.214315872109681227e-02,3.026982421618699959e-02,3.449583432810008482e-02
3.000000000000000000e+00,1.000000000000000000e+00,1.000000000000000056e-01,3.530791967333481163e-02,3.133385274371877638e-02,3.877063728728889769e-02
3.000000000000000000e+00,1.000000000000000000e+00,1.199999999999999956e-01,3.417231667425484065e-02,2.970951665054261809e-02,6.503934821811317712e-02
3.000000000000000000e+00,1.000000000000000000e+00,1.400000000000000133e-01,4.065963914783299327e-02,3.664835530536622588e-02,8.141797428097947986e-02
3.000000000000000000e+00,1.000000000000000000e+00,1.600000000000000033e-01,8.011248846546561997e-02,6.731003699716552047e-02,1.241842200719267125e-01
3.000000000000000000e+00,1.000000000000000000e+00,1.799999999999999933e-01,1.068616662881970297e-01,8.430561826576479789e-02,1.325132301915064592e-01
3.000000000000000000e+00,1.000000000000000000e+00,2.000000000000000111e-01,1.231433566692769488e-01,9.852065468893202171e-02,1.438018043243922128e-01
3.000000000000000000e+00,1.000000000000000000e+00,2.200000000000000011e-01,1.317067665239721463e-01,1.032287753172553973e-01,1.465326360227577340e-01
3.000000000000000000e+00,1.000000000000000000e+00,2.399999999999999911e-01,1.413964392970278872e-01,1.165147749494910151e-01,1.514282296099141167e-01
3.000000000000000000e+00,1.000000000000000000e+00,2.600000000000000089e-01,1.479876978660784881e-01,1.279955526530184018e-01,1.537539031402245238e-01
3.000000000000000000e+00,1.000000000000000000e+00,2.800000000000000266e-01,1.513527211456820454e-01,1.396314011330120342e-01,1.539785197115689785e-01
3.000000000000000000e+00,1.000000000000000000e+00,2.999999999999999889e-01,1.533615295773707310e-01,1.441564048525430242e-01,1.565757717274613714e-01
3.000000000000000000e+00,1.000000000000000000e+00,3.200000000000000067e-01,1.569911514084562643e-01,1.405685370546132518e-01,1.571773307481147131e-01
3.000000000000000000e+00,1.000000000000000000e+00,3.400000000000000244e-01,1.571923827770315141e-01,1.358387093412130875e-01,1.583700657179541726e-01
3.000000000000000000e+00,1.000000000000000000e+00,3.599999999999999867e-01,1.583679723639302150e-01,1.362860226388275531e-01,1.595614660526290529e-01
3.000000000000000000e+00,1.000000000000000000e+00,3.800000000000000044e-01,1.574074378681406539e-01,1.429103235540725436e-01,1.589304168077297630e-01
3.000000000000000000e+00,1.000000000000000000e+00,4.000000000000000222e-01,1.566010872583538382e-01,1.490934689604416774e-01,1.582206660247482410e-01
3.000000000000000000e+00,1.000000000000000000e+00,4.199999999999999845e-01,1.554204455335363722e-01,1.525141054985635070e-01,1.591917809328511346e-01
3.000000000000000000e+00,1.000000000000000000e+00,4.400000000000000022e-01,1.529112407924123063e-01,1.489603177417144209e-01,1.553800971016884025e-01
3.000000000000000000e+00,1.000000000000000000e+00,4.600000000000000200e-01,1.547844354973174630e-01,1.499985181186944405e-01,1.562800587007626973e-01
3.000000000000000000e+00,1.000000000000000000e+00,4.799999999999999822e-01,1.511548999383337810e-01,1.441875833365619253e-01,1.541149336478710163e-01
3.000000000000000000e+00,1.000000000000000000e+00,5.000000000000000000e-01,1.468055384435616451e-01,1.387677959198951871e-01,1.526201374889873119e-01
4.000000000000000000e+00,1.000000000000000000e+00,0.000000000000000000e+00,9.446391401415877853e-01,9.433462014450282318e-01,9.448708330344670614e-01
4.000000000000000000e+00,1.000000000000000000e+00,2.000000000000000042e-02,9.591833303641378317e-01,9.582237858365660887e-01,9.623362413399927373e-01
4.000000000000000000e+00,1.000000000000000000e+00,4.000000000000000083e-02,9.562290117847213056e-01,9.523191916126942935e-01,9.592748066415526242e-01
4.000000000000000000e+00,1.000000000000000000e+00,5.999999999999999778e-02,9.556844049790017559e-01,9.493172344736307000e-01,9.601524584882892288e-01
4.000000000000000000e+00,1.000000000000000000e+00,8.000000000000000167e-02,9.583772665901034715e-01,9.557947264184951663e-01,9.608825669072157405e-01
4.000000000000000000e+00,1.000000000000000000e+00,1.000000000000000056e-01,9.540373875777869994e-01,9.483346451540364264e-01,9.565976619132346981e-01
4.000000000000000000e+00,1.000000000000000000e+00,1.199999999999999956e-01,9.541412007583083277e-01,9.262917778257391266e-01,9.583983132981360731e-01
4.000000000000000000e+00,1.000000000000000000e+00,1.400000000000000133e-01,9.455644813286063766e-01,9.044866052601803208e-01,9.506410970074461453e-01
4.000000000000000000e+00,1.000000000000000000e+00,1.600000000000000033e-01,8.962199080043546928e-01,8.397649913087953388e-01,9.180793616098464893e-01
4.000000000000000000e+00,1.000000000000000000e+00,1.799999999999999933e-01,8.486608248949123467e-01,7.948874146817028752e-01,8.842114904073700155e-01
4.000000000000000000e+00,1.000000000000000000e+00,2.000000000000000111e-01,8.117579048699475885e-01,7.598053289516698561e-01,8.451312859405428757e-01
4.000000000000000000e+00,1.000000000000000000e+00,2.200000000000000011e-01,7.906094139521382402e-01,7.371359283868689216e-01,8.187530948929414576e-01
4.000000000000000000e+00,1.000000000000000000e+00,2.399999999999999911e-01,7.531047137691081472e-01,7.070646271155496265e-01,7.843945854458883593e-01
4.000000000000000000e+00,1.000000000000000000e+00,2.600000000000000089e-01,7.351878779771925387e-01,6.905485206799656384e-01,7.659661033452973555e-01
4.000000000000000000e+00,1.000000000000000000e+00,2.800000000000000266e-01,7.107713035661242795e-01,6.669844033177326770e-01,7.398639211817980010e-01
4.000000000000000000e+00,1.000000000000000000e+00,2.999999999999999889e-01,6.835578196106067983e-01,6.442077314347607331e-01,7.103016144912094321e-01
4.000000000000000000e+00,1.000000000000000000e+00,3.200000000000000067e-01,6.709229587174170284e-01,6.309898930693492725e-01,6.952554697206467793e-01
4.000000000000000000e+00,1.000000000000000000e+00,3.400000000000000244e-01,6.471089694411941151e-01,6.106797294488902628e-01,6.738294447512924723e-01
4.000000000000000000e+00,1.000000000000000000e+00,3.599999999999999867e-01,6.410632694190293579e-01,6.025693505088910440e-01,6.676083424073978589e-01
4.000000000000000000e+00,1.000000000000000000e+00,3.800000000000000044e-01,6.222346955809258118e-01,5.788553623966052886e-01,6.432951939250900475e-01
4.000000000000000000e+00,1.000000000000000000e+00,4.000000000000000222e-01,6.003509342253655623e-01,5.514769552628622229e-01,6.205996234576330872e-01
4.000000000000000000e+00,1.000000000000000000e+00,4.199999999999999845e-01,5.910924981558919322e-01,5.360415010885484222e-01,6.039398457467705095e-01
4.000000000000000000e+00,1.000000000000000000e+00,4.400000000000000022e-01,5.694026416811459601e-01,5.065990838533490637e-01,5.834784803600796543e-01
4.000000000000000000e+00,1.000000000000000000e+00,4.600000000000000200e-01,5.699026914104297070e-01,5.108965164037421181e-01,5.844174136379175488e-01
4.000000000000000000e+00,1.000000000000000000e+00,4.799999999999999822e-01,5.483860906198695373e-01,4.772001543741859475e-01,5.516665711810737616e-01
4.000000000000000000e+00,1.000000000000000000e+00,5.000000000000000000e-01,5.158826943157389655e-01,4.425065267568454308e-01,5.337355410771258413e-01
0.000000000000000000e+00,2.000000000000000000e+00,0.000000000000000000e+00,3.263068655286481589e-05,3.262673263358577220e-05,3.263711559138357798e-05
0.000000000000000000e+00,2.000000000000000000e+00,2.000000000000000042e-02,3.522857431254435516e-05,3.426579022831815693e-05,3.567288074684862165e-05
0.000000000000000000e+00,2.000000000000000000e+00,4.000000000000000083e-02,3.643985568147934816e-05,3.516388266285204456e-05,3.960891741612632735e-05
0.000000000000000000e+00,2.000000000000000000e+00,5.999999999999999778e-02,4.447180940735882680e-05,4.012069696511593272e-05,4.997729043767207404e-05
0.000000000000000000e+00,2.000000000000000000e+00,8.000000000000000167e-02,5.566243451242735088e-05,4.622589783328754645e-05,6.644661638864546771e-05
0.000000000000000000e+00,2.000000000000000000e+00,1.000000000000000056e-01,7.245520055511314923e-05,5.731572185713322044e-05,9.445326897222549927e-05
0.000000000000000000e+00,2.000000000000000000e+00,1.199999999999999956e-01,9.727967713721228347e-05,7.106770255851553044e-05,1.233067324180665456e-04
0.000000000000000000e+00,2.000000000000000000e+00,1.400000000000000133e-01,1.225274580376208130e-04,8.926279657484884804e-05,1.640875682299847561e-04
0.000000000000000000e+00,2.000000000000000000e+00,1.600000000000000033e-01,1.385669615936640305e-04,1.037461271140855529e-04,1.939002333182870779e-04
0.000000000000000000e+00,2.000000000000000000e+00,1.799999999999999933e-01,2.078551225943811337e-04,1.324965231975002030e-04,2.751978667416115623e-04
0.000000000000000000e+00,2.000000000000000000e+00,2.000000000000000111e-01,2.554937203883819513e-04,1.879112126328545717e-04,3.729105844430596005e-04
0.000000000000000000e+00,2.000000000000000000e+00,2.200000000000000011e-01,3.488447097158641581e-04,2.201509140722482697e-04,4.375905699958385227e-04
0.000000000000000000e+00,2.000000000000000000e+00,2.399999999999999911e-01,4.149550201052188683e-04,2.835923071544457492e-04,5.488409460374096350e-04
0.000000000000000000e+00,2.000000000000000000e+00,2.600000000000000089e-01,4.405875922529084877e-04,3.059807346561574360e-04,5.869904544900636555e-04
0.000000000000000000e+00,2.000000000000000000e+00,2.800000000000000266e-01,6.352011618423275769e-04,4.195942271921958506e-04,7.923437058929120886e-04
0.000000000000000000e+00,2.000000000000000000e+00,2.999999999999999889e-01,7.325377114145084764e-04,5.295632664811565160e-04,9.696861515629571571e-04
0.000000000000000000e+00,2.000000000000000000e+00,3.200000000000000067e-01,8.990739936667961054e-04,6.087690543696517914e-04,1.119185038833529679e-03
0.000000000000000000e+00,2.000000000000000000e+00,3.400000000000000244e-01,1.065140782665810427e-03,7.291390481752169214e-04,1.301974230536085027e-03
0.000000000000000000e+00,2.000000000000000000e+00,3.599999999999999867e-01,1.136637663088505999e-03,7.453884447941673584e-04,1.334183096527354756e-03
0.000000000000000000e+00,2.000000000000000000e+00,3.800000000000000044e-01,1.423218813806772370e-03,9.540614805247169938e-04,1.676782051623565807e-03
0.000000000000000000e+00,2.000000000000000000e+00,4.000000000000000222e-01,1.514328472923371152e-03,1.075447425327729408e-03,1.858146091223694153e-03
0.000000000000000000e+00,2.000000000000000000e+00,4.199999999999999845e-01,1.759470553217222641e-03,1.236032666134066066e-03,2.121837361056357237e-03
0.000000000000000000e+00,2.000000000000000000e+00,4.400000000000000022e-01,1.976245032913517136e-03,1.320200667189084902e-03,2.241550906859105744e-03
0.000000000000000000e+00,2.000000000000000000e+00,4.600000000000000200e-01,1.925756336446385981e-03,1.365277804746874634e-03,2.326974477878771593e-03
0.000000000000000000e+00,2.000000000000000000e+00,4.799999999999999822e-01,2.285901341771240988e-03,1.632264054951374638e-03,2.729732618121430247e-03
0.000000000000000000e+00,2.000000000000000000e+00,5.000000000000000000e-01,2.400804380452726053e-03,1.725016216387273774e-03,2.873332688433118381e-03
1.000000000000000000e+00,2.000000000000000000e+00,0.000000000000000000e+00,7.606348045919882723e-05,7.604577438750341619e-05,7.609058404468846469e-05
1.000000000000000000e+00,2.000000000000000000e+00,2.000000000000000042e-02,8.598682959961556605e-05,8.209071507932379284e-05,9.068006460470707446e-05
1.000000000000000000e+00,2.000000000000000000e+00,4.000000000000000083e-02,1.277590723860503273e-04,1.036620752593580424e-04,1.533481578551036185e-04
1.000000000000000000e+00,2.000000000000000000e+00,5.999999999999999778e-02,1.734720701166443516e-04,1.333312749649067340e-04,2.392531405450863463e-04
1.000000000000000000e+00,2.000000000000000000e+00,8.000000000000000167e-02,2.742698616487250257e-04,1.915414196572200948e-04,3.756662791777780406e-04
1.000000000000000000e+00,2.000000000000000000e+00,1.000000000000000056e-01,3.730510172444629138e-04,2.830435840498685476e-04,5.316308072161045643e-04
1.000000000000000000e+00,2.000000000000000000e+00,1.199999999999999956e-01,5.303913324675230872e-04,3.674551546198490809e-04,6.848487472982378848e-04
1.000000000000000000e+00,2.000000000000000000e+00,1.400000000000000133e-01,6.498846997015935269e-04,5.077685607215826850e-04,9.850032528061420430e-04
1.000000000000000000e+00,2.000000000000000000e+00,1.600000000000000033e-01,7.175240528408321702e-04,5.751759596800548602e-04,1.136697528260410773e-03
1.000000000000000000e+00,2.000000000000000000e+00,1.799999999999999933e-01,1.019769952806353144e-03,7.195570501559413667e-04,1.480645364053547559e-03
1.000000000000000000e+00,2.000000000000000000e+00,2.000000000000000111e-01,1.265899273734306940e-03,9.018162252506592164e-04,1.693851141060935409e-03
1.000000000000000000e+00,2.000000000000000000e+00,2.200000000000000011e-01,1.542707835041219481e-03,1.001893926190677983e-03,1.867023517411900641e-03
1.000000000000000000e+00,2.000000000000000000e+00,2.399999999999999911e-01,1.787976537682407210e-03,1.246914184637076687e-03,2.406699450113345025e-03
1.000000000000000000e+00,2.000000000000000000e+00,2.600000000000000089e-01,1.846208600691286866e-03,1.294669992718030854e-03,2.494129770565312390e-03
1.000000000000000000e+00,2.000000000000000000e+00,2.800000000000000266e-01,2.362948065985343623e-03,1.621644210812286675e-03,3.074250944558531377e-03
1.000000000000000000e+00,2.000000000000000000e+00,2.999999999999999889e-01,2.858256734110182357e-03,1.936586068297968966e-03,3.319565347232390426e-03
1.000000000000000000e+00,2.000000000000000000e+00,3.200000000000000067e-01,3.210713186473119953e-03,2.111985980739584413e-03,3.622277274498715994e-03
1.000000000000000000e+00,2.000000000000000000e+00,3.400000000000000244e-01,3.643525479782605461e-03,2.449635061388020455e-03,4.187011451565194990e-03
1.000000000000000000e+00,2.000000000000000000e+00,3.599999999999999867e-01,3.569359377033543088e-03,2.423896670629270469e-03,4.067885420519858769e-03
1.000000000000000000e+00,2.000000000000000000e+00,3.800000000000000044e-01,4.334308212622069514e-03,2.887970134755131219e-03,4.771033791211433221e-03
1.000000000000000000e+00,2.000000000000000000e+00,4.000000000000000222e-01,4.658239374457858600e-03,3.144941604346968358e-03,5.123721032756380425e-03
1.000000000000000000e+00,2.000000000000000000e+00,4.199999999999999845e-01,5.143430198011453638e-03,3.436315836064982553e-03,5.557880504260771445e-03
1.000000000000000000e+00,2.000000000000000000e+00,4.400000000000000022e-01,5.393045933580491516e-03,3.654224321898539261e-03,5.868626550644635842e-03
1.000000000000000000e+00,2.000000000000000000e+00,4.600000000000000200e-01,5.506543022865430063e-03,3.638603000171948196e-03,5.855859815327451104e-03
1.000000000000000000e+00,2.000000000000000000e+00,4.799999999999999822e-01,6.189439250987022537e-03,4.118702631471678893e-03,6.535461879554204864e-03
1.000000000000000000e+00,2.000000000000000000e+00,5.000000000000000000e-01,6.252310496645048510e-03,4.271191920722834483e-03,6.752242202062160720e-03
2.000000000000000000e+00,2.000000000000000000e+00,0.000000000000000000e+00,4.533563613244957964e-04,4.526410152102740584e-04,4.536695956071580722e-04
2.000000000000000000e+00,2.000000000000000000e+00,2.000000000000000042e-02,1.870435449228971016e-03,1.173187638503324663e-03,2.182760860409354610e-03
2.000000000000000000e+00,2.000000000000000000e+00,4.000000000000000083e-02,3.589524118133820621e-03,2.642720574957784386e-03,4.422492873243987627e-03
2.000000000000000000e+00,2.000000000000000000e+00,5.999999999999999778e-02,4.958862763484008299e-03,3.782369586461224037e-03,5.829545578982681456e-03
2.000000000000000000e+00,2.000000000000000000e+00,8.000000000000000167e-02,6.342415219190530862e-03,5.006775423269253615e-03,7.244163226585834808e-03
2.000000000000000000e+00,2.000000000000000000e+00,1.000000000000000056e-01,7.609909828404896534e-03,6.472471774091944664e-03,8.766318651236594539e-03
2.000000000000000000e+00,2.000000000000000000e+00,1.199999999999999956e-01,8.932979121554643701e-03,7.300804292663932299e-03,9.796306264640761846e-03
2.000000000000000000e+00,2.000000000000000000e+00,1.400000000000000133e-01,9.921309042431413969e-03,8.148403964541851147e-03,1.085457805242948277e-02
2.000000000000000000e+00,2.000000000000000000e+00,1.600000000000000033e-01,1.049042825642041744e-02,8.472528077462687310e-03,1.151355663761310238e-02
2.000000000000000000e+00,2.000000000000000000e+00,1.799999999999999933e-01,1.162365759331919317e-02,9.244157295590265180e-03,1.248869769579730865e-02
2.000000000000000000e+00,2.000000000000000000e+00,2.000000000000000111e-01,1.282376884941756681e-02,1.023113200862146854e-02,1.359958916998654614e-02
2.000000000000000000e+00,2.000000000000000000e+00,2.200000000000000011e-01,1.344610700152069210e-02,1.072891204352863052e-02,1.423428009733557729e-02
2.000000000000000000e+00,2.000000000000000000e+00,2.399999999999999911e-01,1.433469189204648192e-02,1.133200021937489504e-02,1.494970512381195785e-02
2.000000000000000000e+00,2.000000000000000000e+00,2.600000000000000089e-01,1.443585170978307734e-02,1.137060412882268459e-02,1.499902904700487621e-02
2.000000000000000000e+00,2.000000000000000000e+00,2.800000000000000266e-01,1.527391839407011946e-02,1.207694958325103082e-02,1.584188733348250444e-02
2.000000000000000000e+00,2.000000000000000000e+00,2.999999999999999889e-01,1.615300141665339598e-02,1.284901011775992780e-02,1.678342447895184511e-02
2.000000000000000000e+00,2.000000000000000000e+00,3.200000000000000067e-01,1.658105134491249730e-02,1.323035271019488458e-02,1.721555221224576118e-02
2.000000000000000000e+00,2.000000000000000000e+00,3.400000000000000244e-01,1.713271265427395579e-02,1.386084122371673312e-02,1.751882398579642300e-02
2.000000000000000000e+00,2.000000000000000000e+00,3.599999999999999867e-01,1.694874654089286933e-02,1.358190540815517114e-02,1.736082710238546351e-02
2.000000000000000000e+00,2.000000000000000000e+00,3.800000000000000044e-01,1.743626920467615526e-02,1.443695816543325884e-02,1.756245580256730193e-02
2.000000000000000000e+00,2.000000000000000000e+00,4.000000000000000222e-01,1.768520865806564452e-02,1.540745011035166319e-02,1.782682461443543462e-02
2.000000000000000000e+00,2.000000000000000000e+00,4.199999999999999845e-01,1.795812374923750829e-02,1.609481053713895590e-02,1.804636270048096819e-02
2.000000000000000000e+00,2.000000000000000000e+00,4.400000000000000022e-01,1.805963926715776352e-02,1.688732942404411533e-02,1.823947262379527548e-02
2.000000000000000000e+00,2.000000000000000000e+00,4.600000000000000200e-01,1.765576964243501315e-02,1.621000373747944964e-02,1.780404313441365932e-02
2.000000000000000000e+00,2.000000000000000000e+00,4.799999999999999822e-01,1.774881124106422042e-02,1.743024479974806390e-02,1.812868621052056428e-02
2.000000000000000000e+00,2.000000000000000000e+00,5.000000000000000000e-01,1.776870114056765954e-02,1.740630770237743680e-02,1.821380086018890149e-02
3.000000000000000000e+00,2.000000000000000000e+00,0.000000000000000000e+00,4.078409253231436021e-02,4.050505995457619884e-02,4.387381972294673166e-02
3.000000000000000000e+00,2.000000000000000000e+00,2.000000000000000042e-02,1.203577348540052772e-01,1.138159295642636598e-01,1.253798491212017863e-01
3.000000000000000000e+00,2.000000000000000000e+00,4.000000000000000083e-02,1.385622380831688649e-01,1.321460528531037126e-01,1.406510756216906022e-01
3.000000000000000000e+00,2.000000000000000000e+00,5.999999999999999778e-02,1.441826215972341618e-01,1.397582741118781335e-01,1.462068691951372013e-01
3.000000000000000000e+00,2.000000000000000000e+00,8.000000000000000167e-02,1.416577212538085995e-01,1.374739442195743455e-01,1.454397975124195330e-01
3.000000000000000000e+00,2.000000000000000000e+00,1.000000000000000056e-01,1.435170940124504413e-01,1.375373594859764237e-01,1.465829612978361562e-01
3.000000000000000000e+00,2.000000000000000000e+00,1.199999999999999956e-01,1.426842883831150877e-01,1.339315913502872046e-01,1.455731130208894608e-01
3.000000000000000000e+00,2.000000000000000000e+00,1.400000000000000133e-01,1.411126625188775519e-01,1.344638488582968749e-01,1.507139775793962244e-01
3.000000000000000000e+00,2.000000000000000000e+00,1.600000000000000033e-01,1.426258834928125219e-01,1.329165416154637902e-01,1.541392920560873958e-01
3.000000000000000000e+00,2.000000000000000000e+00,1.799999999999999933e-01,1.372823097308762397e-01,1.261455458838902366e-01,1.454895334012508423e-01
3.000000000000000000e+00,2.000000000000000000e+00,2.000000000000000111e-01,1.329702502295933841e-01,1.217780568998716728e-01,1.410481410612091369e-01
3.000000000000000000e+00,2.000000000000000000e+00,2.200000000000000011e-01,1.284622089447006732e-01,1.167148711316548376e-01,1.376635866191908975e-01
3.000000000000000000e+00,2.000000000000000000e+00,2.399999999999999911e-01,1.243146439360529321e-01,1.137866898875571908e-01,1.329293152265064448e-01
3.000000000000000000e+00,2.000000000000000000e+00,2.600000000000000089e-01,1.235124222066216193e-01,1.151713152805194096e-01,1.349096485655754685e-01
3.000000000000000000e+00,2.000000000000000000e+00,2.800000000000000266e-01,1.147249829724393683e-01,1.056324531681239465e-01,1.294536835441291167e-01
3.000000000000000000e+00,2.000000000000000000e+00,2.999999999999999889e-01,1.102458639506213312e-01,9.998168317331000698e-02,1.269741150074489566e-01
3.000000000000000000e+00,2.000000000000000000e+00,3.200000000000000067e-01,1.022592873540930508e-01,9.316287274134157914e-02,1.222706236130446100e-01
3.000000000000000000e+00,2.000000000000000000e+00,3.400000000000000244e-01,9.487129357955233211e-02,8.862932873402909473e-02,1.208261477976590448e-01
3.000000000000000000e+00,2.000000000000000000e+00,3.599999999999999867e-01,9.678500198241322960e-02,8.993649170290306250e-02,1.237259597917348131e-01
3.000000000000000000e+00,2.000000000000000000e+00,3.800000000000000044e-01,8.561931586229801217e-02,7.981813343285397433e-02,1.168995407148003818e-01
3.000000000000000000e+00,2.000000000000000000e+00,4.000000000000000222e-01,8.134566526325792690e-02,7.513801000705361277e-02,1.135578145162910169e-01
3.000000000000000000e+00,2.000000000000000000e+00,4.199999999999999845e-01,7.336370501019061352e-02,6.830273904923722661e-02,1.097777130289375735e-01
3.000000000000000000e+00,2.000000000000000000e+00,4.400000000000000022e-01,6.989232625708356739e-02,6.508437035558001238e-02,1.040710674619414050e-01
3.000000000000000000e+00,2.000000000000000000e+00,4.600000000000000200e-01,7.087886347414926180e-02,6.590828920063376839e-02,1.074086482065729764e-01
3.000000000000000000e+00,2.000000000000000000e+00,4.799999999999999822e-01,6.122104196225851974e-02,5.675586636630446102e-02,9.274322576655073813e-02
3.000000000000000000e+00,2.000000000000000000e+00,5.000000000000000000e-01,5.835107802930474680e-02,5.365539116053655300e-02,8.934153358072788320e-02
4.000000000000000000e+00,2.000000000000000000e+00,0.000000000000000000e+00,9.449471812251732938e-01,9.436192446117700472e-01,9.452619071595892430e-01
4.000000000000000000e+00,2.000000000000000000e+00,2.000000000000000042e-02,7.668726472426206087e-01,7.357020906014293260e-01,7.829619498648718867e-01
4.000000000000000000e+00,2.000000000000000000e+00,4.000000000000000083e-02,6.767378214543386949e-01,6.691382740921788530e-01,7.092162029782160815e-01
4.000000000000000000e+00,2.000000000000000000e+00,5.999999999999999778e-02,6.386238507518432472e-01,6.242383897609412591e-01,6.698653852750546811e-01
4.000000000000000000e+00,2.000000000000000000e+00,8.000000000000000167e-02,5.998201697494909279e-01,5.946890627945885521e-01,6.407999926811493996e-01
4.000000000000000000e+00,2.000000000000000000e+00,1.000000000000000056e-01,5.654150404536090191e-01,5.497933437210246188e-01,5.992523587608449276e-01
4.000000000000000000e+00,2.000000000000000000e+00,1.199999999999999956e-01,5.411814335012808952e-01,5.257716058883146193e-01,5.741372510285562836e-01
4.000000000000000000e+00,2.000000000000000000e+00,1.400000000000000133e-01,5.078729424060099973e-01,4.882438107598461863e-01,5.374403677186370132e-01
4.000000000000000000e+00,2.000000000000000000e+00,1.600000000000000033e-01,4.889763012711777490e-01,4.683791126287504825e-01,5.192527147219405670e-01
4.000000000000000000e+00,2.000000000000000000e+00,1.799999999999999933e-01,4.628361538081244286e-01,4.427535491107590371e-01,4.935969448226243950e-01
4.000000000000000000e+00,2.000000000000000000e+00,2.000000000000000111e-01,4.243617081124037016e-01,4.018084948806837642e-01,4.541184824496209416e-01
4.000000000000000000e+00,2.000000000000000000e+00,2.200000000000000011e-01,4.065435540321730712e-01,3.855716474483572020e-01,4.394850752503387525e-01
4.000000000000000000e+00,2.000000000000000000e+00,2.399999999999999911e-01,3.743554230614081213e-01,3.475173854686543495e-01,4.061236644937247786e-01
4.000000000000000000e+00,2.000000000000000000e+00,2.600000000000000089e-01,3.646949327282756892e-01,3.372481963641233427e-01,3.958763785053230899e-01
4.000000000000000000e+00,2.000000000000000000e+00,2.800000000000000266e-01,3.332707600988224494e-01,3.022520176324285934e-01,3.645997738881297523e-01
4.000000000000000000e+00,2.000000000000000000e+00,2.999999999999999889e-01,2.956694331254326458e-01,2.622250475517660662e-01,3.277166272895000732e-01
4.000000000000000000e+00,2.000000000000000000e+00,3.200000000000000067e-01,2.813729802373908795e-01,2.456079456063099409e-01,3.118001091378629352e-01
4.000000000000000000e+00,2.000000000000000000e+00,3.400000000000000244e-01,2.470884302634745733e-01,2.147164404918570080e-01,2.830231735796258086e-01
4.000000000000000000e+00,2.000000000000000000e+00,3.599999999999999867e-01,2.487359567135237204e-01,2.166528298481591175e-01,2.850947412829026861e-01
4.000000000000000000e+00,2.000000000000000000e+00,3.800000000000000044e-01,2.155287545485943534e-01,1.866726606820710010e-01,2.516968778120652339e-01
4.000000000000000000e+00,2.000000000000000000e+00,4.000000000000000222e-01,1.922276722059622356e-01,1.658476050380132960e-01,2.282231478897109866e-01
4.000000000000000000e+00,2.000000000000000000e+00,4.199999999999999845e-01,1.719976089169718281e-01,1.591843234984688382e-01,2.089600308711156151e-01
4.000000000000000000e+00,2.000000000000000000e+00,4.400000000000000022e-01,1.554899110059216605e-01,1.324900994415245670e-01,1.935099717255979734e-01
4.000000000000000000e+00,2.000000000000000000e+00,4.600000000000000200e-01,1.612562468748204580e-01,1.388170046557746784e-01,1.961749539114609475e-01
4.000000000000000000e+00,2.000000000000000000e+00,4.799999999999999822e-01,1.292907050832212135e-01,1.134222921277470986e-01,1.629944902812018870e-01
4.000000000000000000e+00,2.000000000000000000e+00,5.000000000000000000e-01,1.200124816525690169e-01,1.102649874102212407e-01,1.542280936795026036e-01
0.000000000000000000e+00,3.000000000000000000e+00,0.000000000000000000e+00,3.263758628452701594e-05,3.262752480630157692e-05,3.264067394032865960e-05
0.000000000000000000e+00,3.000000000000000000e+00,2.000000000000000042e-02,2.532668131121737468e-05,2.404722065449517936e-05,2.697420760640775560e-05
0.000000000000000000e+00,3.000000000000000000e+00,4.000000000000000083e-02,2.477216276961983384e-05,2.347881870637682323e-05,2.626836514654536504e-05
0.000000000000000000e+00,3.000000000000000000e+00,5.999999999999999778e-02,2.600324476906978408e-05,2.436144014435193727e-05,2.761540648173442671e-05
0.000000000000000000e+00,3.000000000000000000e+00,8.000000000000000167e-02,2.625987442357465256e-05,2.446907975837192000e-05,2.787070768180835239e-05
0.000000000000000000e+00,3.000000000000000000e+00,1.000000000000000056e-01,2.657453328730885404e-05,2.474494275581398957e-05,2.822313487438600320e-05
0.000000000000000000e+00,3.000000000000000000e+00,1.199999999999999956e-01,2.772034989195742017e-05,2.580874998621101769e-05,2.964389536522844571e-05
0.000000000000000000e+00,3.000000000000000000e+00,1.400000000000000133e-01,2.689059538427780041e-05,2.515531218772874459e-05,2.856678295591547144e-05
0.000000000000000000e+00,3.000000000000000000e+00,1.600000000000000033e-01,2.866851340688383713e-05,2.632226283405465398e-05,3.056276177419757836e-05
0.000000000000000000e+00,3.000000000000000000e+00,1.799999999999999933e-01,2.902830279481077416e-05,2.654229223196927955e-05,3.086528795629709580e-05
0.000000000000000000e+00,3.000000000000000000e+00,2.000000000000000111e-01,2.956213037458305652e-05,2.694420662102992871e-05,3.139258837193218283e-05
0.000000000000000000e+00,3.000000000000000000e+00,2.200000000000000011e-01,3.117494704473192568e-05,2.848441681066687345e-05,3.310141726752755800e-05
0.000000000000000000e+00,3.000000000000000000e+00,2.399999999999999911e-01,2.994304653894382543e-05,2.764435513860945341e-05,3.192830626575548977e-05
0.000000000000000000e+00,3.000000000000000000e+00,2.600000000000000089e-01,3.223052099871887954e-05,2.915340797660642686e-05,3.419630139628154471e-05
0.000000000000000000e+00,3.000000000000000000e+00,2.800000000000000266e-01,3.256531785129567570e-05,2.946514291491905509e-05,3.459704224204399048e-05
0.000000000000000000e+00,3.000000000000000000e+00,2.999999999999999889e-01,3.304058537399798127e-05,2.977090999601273526e-05,3.509924566578022332e-05
0.000000000000000000e+00,3.000000000000000000e+00,3.200000000000000067e-01,3.476351503937228130e-05,3.163532720132930867e-05,3.696503262463878556e-05
0.000000000000000000e+00,3.000000000000000000e+00,3.400000000000000244e-01,3.361741707198888385e-05,3.092192439770607716e-05,3.615040163679948638e-05
0.000000000000000000e+00,3.000000000000000000e+00,3.599999999999999867e-01,3.616195309447943913e-05,3.250728952003354306e-05,3.885713560328323836e-05
0.000000000000000000e+00,3.000000000000000000e+00,3.800000000000000044e-01,3.696712208109151305e-05,3.312562549979921917e-05,4.003032660715709909e-05
0.000000000000000000e+00,3.000000000000000000e+00,4.000000000000000222e-01,3.790224580390096656e-05,3.357967394266316268e-05,4.152859468545411898e-05
0.000000000000000000e+00,3.000000000000000000e+00,4.199999999999999845e-01,4.007092623423635735e-05,3.517636967290961017e-05,4.478926785113540360e-05
0.000000000000000000e+00,3.000000000000000000e+00,4.400000000000000022e-01,3.837974725239538419e-05,3.367836633579236765e-05,4.393045968345495088e-05
0.000000000000000000e+00,3.000000000000000000e+00,4.600000000000000200e-01,4.109987247788741624e-05,3.593403419419421399e-05,4.773936565307884488e-05
0.000000000000000000e+00,3.000000000000000000e+00,4.799999999999999822e-01,4.284456005102490252e-05,3.668481517256280282e-05,5.238439195691049636e-05
0.000000000000000000e+00,3.000000000000000000e+00,5.000000000000000000e-01,4.485770435292379244e-05,3.736137453996896200e-05,5.947766190984381631e-05
1.000000000000000000e+00,3.000000000000000000e+00,0.000000000000000000e+00,7.608243809295426891e-05,7.606675936676887391e-05,7.611751463309121796e-05
1.000000000000000000e+00,3.000000000000000000e+00,2.000000000000000042e-02,6.086393708800328056e-05,5.719857754060709150e-05,6.484549025818087402e-05
1.000000000000000000e+00,3.000000000000000000e+00,4.000000000000000083e-02,6.080240623639261347e-05,5.726991895560658036e-05,6.491772894268762594e-05
1.000000000000000000e+00,3.000000000000000000e+00,5.999999999999999778e-02,6.191350720863762703e-05,5.742406961269131435e-05,6.585060709001132003e-05
1.000000000000000000e+00,3.000000000000000000e+00,8.000000000000000167e-02,6.448836853790759879e-05,6.029052469376209878e-05,6.873685042563330285e-05
1.000000000000000000e+00,3.000000000000000000e+00,1.000000000000000056e-01,6.419509861631840367e-05,5.925994210558894505e-05,6.810377453731723959e-05
1.000000000000000000e+00,3.000000000000000000e+00,1.199999999999999956e-01,6.624043792803560734e-05,6.179939003624830324e-05,7.021999014984462903e-05
1.000000000000000000e+00,3.000000000000000000e+00,1.400000000000000133e-01,6.619574257558865108e-05,6.199353530194319441e-05,7.027727525702194664e-05
1.000000000000000000e+00,3.000000000000000000e+00,1.600000000000000033e-01,6.794504295547462735e-05,6.235849277962780086e-05,7.198604890410592854e-05
1.000000000000000000e+00,3.000000000000000000e+00,1.799999999999999933e-01,7.153103285615714305e-05,6.633180857229951433e-05,7.624878387350785751e-05
1.000000000000000000e+00,3.000000000000000000e+00,2.000000000000000111e-01,7.203892425280679314e-05,6.543693723540139101e-05,7.632055528665224555e-05
1.000000000000000000e+00,3.000000000000000000e+00,2.200000000000000011e-01,7.471204220468206307e-05,6.859363883067522041e-05,7.944013296253880463e-05
1.000000000000000000e+00,3.000000000000000000e+00,2.399999999999999911e-01,7.614559534526272276e-05,7.021730418139817754e-05,8.082158957666287185e-05
1.000000000000000000e+00,3.000000000000000000e+00,2.600000000000000089e-01,7.797565535872439909e-05,7.096550472060689772e-05,8.307425310608032251e-05
1.000000000000000000e+00,3.000000000000000000e+00,2.800000000000000266e-01,8.286831707198697263e-05,7.579682103658186548e-05,8.908526158905821335e-05
1.000000000000000000e+00,3.000000000000000000e+00,2.999999999999999889e-01,8.381073347639260429e-05,7.566490893974774025e-05,9.232078461309329773e-05
1.000000000000000000e+00,3.000000000000000000e+00,3.200000000000000067e-01,8.843401493845029840e-05,7.808697130838625818e-05,1.000439540169475034e-04
1.000000000000000000e+00,3.000000000000000000e+00,3.400000000000000244e-01,9.462130233517055810e-05,7.943347422119761254e-05,1.101702772291544927e-04
1.000000000000000000e+00,3.000000000000000000e+00,3.599999999999999867e-01,9.721399642983570230e-05,8.114036189813338097e-05,1.140573814011259959e-04
1.000000000000000000e+00,3.000000000000000000e+00,3.800000000000000044e-01,1.110372593770284690e-04,8.618263426542088789e-05,1.303476238623329456e-04
1.000000000000000000e+00,3.000000000000000000e+00,4.000000000000000222e-01,1.161298231946144698e-04,8.868018948348592011e-05,1.446137572440160061e-04
1.000000000000000000e+00,3.000000000000000000e+00,4.199999999999999845e-01,1.235481331584659603e-04,9.386645481924591698e-05,1.568906039985278121e-04
1.000000000000000000e+00,3.000000000000000000e+00,4.400000000000000022e-01,1.401224566504285010e-04,1.004386679969761502e-04,1.906835440307388919e-04
1.000000000000000000e+00,3.000000000000000000e+00,4.600000000000000200e-01,1.403162053087837573e-04,1.015196798812807515e-04,1.952205322803899214e-04
1.000000000000000000e+00,3.000000000000000000e+00,4.799999999999999822e-01,1.678765032743884892e-04,1.178580162389430063e-04,2.609288375477258415e-04
1.000000000000000000e+00,3.000000000000000000e+00,5.000000000000000000e-01,1.959883993536632786e-04,1.334850741965040027e-04,3.372499330320824994e-04
2.000000000000000000e+00,3.000000000000000000e+00,0.000000000000000000e+00,4.530956379095844064e-04,4.523916844346162545e-04,4.536110038272550592e-04
2.000000000000000000e+00,3.000000000000000000e+00,2.000000000000000042e-02,3.627999387621443214e-04,3.483477003393669474e-04,3.854059459606605119e-04
2.000000000000000000e+00,3.000000000000000000e+00,4.000000000000000083e-02,3.644502231045293667e-04,3.442165095644473313e-04,3.880244938411165972e-04
2.000000000000000000e+00,3.000000000000000000e+00,5.999999999999999778e-02,3.485182441305798191e-04,3.247788752042508279e-04,3.626907148831283196e-04
2.000000000000000000e+00,3.000000000000000000e+00,8.000000000000000167e-02,3.686767362229874325e-04,3.421422039072162307e-04,3.828905423051695090e-04
2.000000000000000000e+00,3.000000000000000000e+00,1.000000000000000056e-01,3.762545412517470005e-04,3.570926485798495923e-04,3.998581715665530168e-04
2.000000000000000000e+00,3.000000000000000000e+00,1.199999999999999956e-01,3.861343944097480794e-04,3.705214528764966785e-04,4.165613601957130711e-04
2.000000000000000000e+00,3.000000000000000000e+00,1.400000000000000133e-01,3.912637278378435814e-04,3.675704389414027624e-04,4.206384025638811898e-04
2.000000000000000000e+00,3.000000000000000000e+00,1.600000000000000033e-01,3.798331136045310493e-04,3.481310388230977361e-04,4.148751738644288097e-04
2.000000000000000000e+00,3.000000000000000000e+00,1.799999999999999933e-01,4.134282499427375948e-04,3.855926306749875255e-04,4.862301445226224240e-04
2.000000000000000000e+00,3.000000000000000000e+00,2.000000000000000111e-01,4.697280155458473101e-04,4.216118968560945025e-04,5.619758806781014479e-04
2.000000000000000000e+00,3.000000000000000000e+00,2.200000000000000011e-01,5.425259347093334527e-04,4.492550721140402378e-04,6.107393881224724291e-04
2.000000000000000000e+00,3.000000000000000000e+00,2.399999999999999911e-01,6.166060519847017113e-04,4.631652405030486572e-04,7.860881568319243997e-04
2.000000000000000000e+00,3.000000000000000000e+00,2.600000000000000089e-01,5.772823562751824584e-04,4.456708297484287184e-04,8.614060518866381057e-04
2.000000000000000000e+00,3.000000000000000000e+00,2.800000000000000266e-01,6.896648137430575181e-04,5.215480835036344961e-04,1.175314610611909345e-03
2.000000000000000000e+00,3.000000000000000000e+00,2.999999999999999889e-01,9.331572958161681074e-04,6.042376926532511431e-04,1.576115028044835446e-03
2.000000000000000000e+00,3.000000000000000000e+00,3.200000000000000067e-01,1.175768660845210364e-03,6.879939420576298460e-04,1.816966588322215317e-03
2.000000000000000000e+00,3.000000000000000000e+00,3.400000000000000244e-01,1.697781770254313876e-03,9.036773284604865397e-04,2.574991858123510616e-03
2.000000000000000000e+00,3.000000000000000000e+00,3.599999999999999867e-01,1.726228127749142218e-03,9.077308577580944088e-04,2.768316309412825055e-03
2.000000000000000000e+00,3.000000000000000000e+00,3.800000000000000044e-01,2.167676833006727723e-03,1.207785094406923967e-03,3.335205503965960917e-03
2.000000000000000000e+00,3.000000000000000000e+00,4.000000000000000222e-01,2.534718943816318543e-03,1.554306611402443087e-03,3.778683188180496921e-03
2.000000000000000000e+00,3.000000000000000000e+00,4.199999999999999845e-01,2.692906897505512303e-03,1.700262603172970465e-03,3.931913574504898937e-03
2.000000000000000000e+00,3.000000000000000000e+00,4.400000000000000022e-01,3.346451813748921398e-03,2.067804379459172327e-03,4.888325564018450656e-03
2.000000000000000000e+00,3.000000000000000000e+00,4.600000000000000200e-01,3.342187698915950224e-03,1.995041397696855831e-03,5.064317449884139961e-03
2.000000000000000000e+00,3.000000000000000000e+00,4.799999999999999822e-01,4.090875857145525457e-03,2.460967075550390265e-03,6.348913596163038506e-03
2.000000000000000000e+00,3.000000000000000000e+00,5.000000000000000000e-01,4.834275242424104085e-03,2.932897253012517469e-03,6.962851497592638036e-03
3.000000000000000000e+00,3.000000000000000000e+00,0.000000000000000000e+00,4.086936902099102403e-02,4.072514179770089782e-02,4.265098567975871002e-02
3.000000000000000000e+00,3.000000000000000000e+00,2.000000000000000042e-02,2.895181414214521159e-02,2.846766492004879079e-02,3.143046321250311803e-02
3.000000000000000000e+00,3.000000000000000000e+00,4.000000000000000083e-02,3.170464112782478416e-02,3.062353791413456594e-02,3.460219704267009783e-02
3.000000000000000000e+00,3.000000000000000000e+00,5.999999999999999778e-02,3.288511051457002760e-02,3.069777502601407637e-02,3.552275581399724075e-02
3.000000000000000000e+00,3.000000000000000000e+00,8.000000000000000167e-02,3.079213234237581504e-02,2.938950173654780035e-02,3.310154795128479599e-02
3.000000000000000000e+00,3.000000000000000000e+00,1.000000000000000056e-01,3.265870854970440162e-02,3.064585184810310337e-02,3.495854807432181854e-02
3.000000000000000000e+00,3.000000000000000000e+00,1.199999999999999956e-01,3.081611210276931356e-02,2.886095526870898972e-02,3.304875768295116589e-02
3.000000000000000000e+00,3.000000000000000000e+00,1.400000000000000133e-01,3.498547460301592443e-02,3.119093461813777710e-02,3.834125480720959600e-02
3.000000000000000000e+00,3.000000000000000000e+00,1.600000000000000033e-01,3.639733903983979890e-02,3.200124049241095947e-02,6.625738331458158603e-02
3.000000000000000000e+00,3.000000000000000000e+00,1.799999999999999933e-01,3.957425217559561170e-02,3.520379237741162737e-02,9.212646937049367990e-02
3.000000000000000000e+00,3.000000000000000000e+00,2.000000000000000111e-01,7.729456931107117623e-02,6.122223080810811763e-02,1.227575170759055700e-01
3.000000000000000000e+00,3.000000000000000000e+00,2.200000000000000011e-01,1.027801455258578051e-01,7.731031950002908992e-02,1.276383719116207238e-01
3.000000000000000000e+00,3.000000000000000000e+00,2.399999999999999911e-01,1.200034847163520962e-01,9.068058933589234760e-02,1.367737745663002158e-01
3.000000000000000000e+00,3.000000000000000000e+00,2.600000000000000089e-01,1.271947240272089941e-01,9.554569100695475825e-02,1.434285315735321364e-01
3.000000000000000000e+00,3.000000000000000000e+00,2.800000000000000266e-01,1.328822940656393670e-01,1.062915176061261513e-01,1.484583793977573563e-01
3.000000000000000000e+00,3.000000000000000000e+00,2.999999999999999889e-01,1.400401607897169831e-01,1.161867275482155459e-01,1.531720449455064026e-01
3.000000000000000000e+00,3.000000000000000000e+00,3.200000000000000067e-01,1.442441497762017022e-01,1.191618019989244548e-01,1.543813075023796610e-01
3.000000000000000000e+00,3.000000000000000000e+00,3.400000000000000244e-01,1.492964805163033426e-01,1.260896711323708508e-01,1.571618272411059725e-01
3.000000000000000000e+00,3.000000000000000000e+00,3.599999999999999867e-01,1.520075778455622639e-01,1.291248015695847517e-01,1.586735848968420237e-01
3.000000000000000000e+00,3.000000000000000000e+00,3.800000000000000044e-01,1.534741498093418755e-01,1.349311601712591957e-01,1.593577699382472956e-01
3.000000000000000000e+00,3.000000000000000000e+00,4.000000000000000222e-01,1.555354728287346444e-01,1.395948659203983810e-01,1.584524728456959131e-01
3.000000000000000000e+00,3.000000000000000000e+00,4.199999999999999845e-01,1.561245673952698643e-01,1.424709419172294211e-01,1.582542391574625062e-01
3.000000000000000000e+00,3.000000000000000000e+00,4.400000000000000022e-01,1.561663374251686109e-01,1.461792438337802813e-01,1.585549529448114225e-01
3.000000000000000000e+00,3.000000000000000000e+00,4.600000000000000200e-01,1.565376171628087842e-01,1.477242146009150880e-01,1.591391917530391442e-01
3.000000000000000000e+00,3.000000000000000000e+00,4.799999999999999822e-01,1.567485277150347800e-01,1.487971462684944401e-01,1.582723517001979052e-01
3.000000000000000000e+00,3.000000000000000000e+00,5.000000000000000000e-01,1.566718410140015283e-01,1.496440365654546634e-01,1.578118780642151497e-01
4.000000000000000000e+00,3.000000000000000000e+00,0.000000000000000000e+00,9.449397429384627234e-01,9.441162644571829965e-01,9.450892085350062199e-01
4.000000000000000000e+00,3.000000000000000000e+00,2.000000000000000042e-02,9.612514107021503662e-01,9.595747188695723517e-01,9.639948894288671299e-01
4.000000000000000000e+00,3.000000000000000000e+00,4.000000000000000083e-02,9.586286968315241852e-01,9.552397367801908068e-01,9.608959528106115755e-01
4.000000000000000000e+00,3.000000000000000000e+00,5.999999999999999778e-02,9.586563884121329648e-01,9.551504264205192829e-01,9.617603108367751563e-01
4.000000000000000000e+00,3.000000000000000000e+00,8.000000000000000167e-02,9.601225684052817622e-01,9.580417499220705846e-01,9.631023024912421793e-01
4.000000000000000000e+00,3.000000000000000000e+00,1.000000000000000056e-01,9.569693577674440732e-01,9.537310539820473831e-01,9.601189226559325718e-01
4.000000000000000000e+00,3.000000000000000000e+00,1.199999999999999956e-01,9.584085051634833041e-01,9.565406015885602464e-01,9.617811740695685341e-01
4.000000000000000000e+00,3.000000000000000000e+00,1.400000000000000133e-01,9.544731771330200454e-01,9.486346952367926688e-01,9.583928062432688355e-01
4.000000000000000000e+00,3.000000000000000000e+00,1.600000000000000033e-01,9.536737521459049960e-01,9.233732185939307335e-01,9.580036742424796747e-01
4.000000000000000000e+00,3.000000000000000000e+00,1.799999999999999933e-01,9.492270032387190026e-01,9.046981282916813916e-01,9.555180673960634863e-01
4.000000000000000000e+00,3.000000000000000000e+00,2.000000000000000111e-01,8.980064564887284551e-01,8.391993258414780499e-01,9.243239256830979578e-01
4.000000000000000000e+00,3.000000000000000000e+00,2.200000000000000011e-01,8.545044323629030769e-01,8.105978223292864548e-01,8.950373487720192367e-01
4.000000000000000000e+00,3.000000000000000000e+00,2.399999999999999911e-01,8.245569193800352803e-01,7.871856771706706724e-01,8.686322404182703627e-01
4.000000000000000000e+00,3.000000000000000000e+00,2.600000000000000089e-01,8.131152807223014367e-01,7.743742773262393131e-01,8.608539767183511771e-01
4.000000000000000000e+00,3.000000000000000000e+00,2.800000000000000266e-01,7.979401964647883094e-01,7.533658136016232465e-01,8.428144992831703153e-01
4.000000000000000000e+00,3.000000000000000000e+00,2.999999999999999889e-01,7.734184377613253503e-01,7.256047757502431805e-01,8.148117145710234155e-01
4.000000000000000000e+00,3.000000000000000000e+00,3.200000000000000067e-01,7.546425152696483174e-01,7.135178968800399701e-01,7.999964122227970487e-01
4.000000000000000000e+00,3.000000000000000000e+00,3.400000000000000244e-01,7.277071351963058099e-01,6.887872452692129777e-01,7.746310914425216243e-01
4.000000000000000000e+00,3.000000000000000000e+00,3.599999999999999867e-01,7.190418997078165120e-01,6.823653761299075526e-01,7.648911263165865115e-01
4.000000000000000000e+00,3.000000000000000000e+00,3.800000000000000044e-01,7.006286352717691068e-01,6.625538340822075822e-01,7.412343061334565331e-01
4.000000000000000000e+00,3.000000000000000000e+00,4.000000000000000222e-01,6.866039086244701828e-01,6.489203714513648302e-01,7.210072799966745771e-01
4.000000000000000000e+00,3.000000000000000000e+00,4.199999999999999845e-01,6.795528229387030050e-01,6.403644565733876970e-01,7.105443940704261330e-01
4.000000000000000000e+00,3.000000000000000000e+00,4.400000000000000022e-01,6.597974843586384974e-01,6.168597687732167989e-01,6.935783220143448835e-01
4.000000000000000000e+00,3.000000000000000000e+00,4.600000000000000200e-01,6.582184365158751937e-01,6.156345771270357314e-01,6.936117400071937222e-01
4.000000000000000000e+00,3.000000000000000000e+00,4.799999999999999822e-01,6.382353268825226023e-01,5.874720605515149074e-01,6.720031687955390076e-01
4.000000000000000000e+00,3.000000000000000000e+00,5.000000000000000000e-01,6.201744097036570036e-01,5.784642683391254536e-01,6.542645794473141985e-01
