family,alpha,rep,scenario_id,T,sigma_lo,sigma_hi,dlogshare_sd,seconds,n_events,n_matched,n_stayed,n_nofloor,share_joiner_stayed,share_floor_before,joiner_before,joiner_after,control_before,control_after,did_itt_median,did_itt_p25,did_itt_p75,did_stayer_median,did_nofloor_median,did_small,n_small,did_mid,n_mid,did_large,n_large
laplace,0.05,0,330,11000,0.1,0.3,0.1809918451056997,22.5,530606,260910,4349,13089,0.185222179922579,0.8053753632638907,-5.102157592773437e-06,0.0011165380477905,0.0006266927719116,0.0035430908203125,0.0035433626174926,-0.0119359159469604,0.0197025513648986,0.0099624061584472,-0.0014887475967407,0.0047380304336547,86970,0.0034740781784057,86970,0.0020764064788818,86970
laplace,0.05,1,331,11000,0.1,0.3,0.2110451243157742,24.2,584770,278831,2959,7508,0.1474631051524531,0.8510747815380406,0.0002264261245727,0.0008721876144409,0.0007112407684326,0.0040369033813476,0.0041419315338134,-0.0129794311523437,0.0221606254577636,0.0140251159667968,-0.0012531208992004,0.0051562690734863,92944,0.0040040016174316,92943,0.0031770849227905,92944
laplace,0.05,2,332,11000,0.1,0.3,0.2050183253821116,23.9,575410,272992,3261,8585,0.1546966510835752,0.8426096174901375,0.0001324033737182,0.0009468412399291,0.0006241607666015,0.0039409351348876,0.0038366937637329,-0.0127772653102874,0.021439836025238,0.0130409002304077,-0.0028156900405883,0.0049529504776,90998,0.0037896251678466,90997,0.0025638198852539,90997
laplace,0.1,0,335,11000,0.1,0.3,0.1774437134106885,20.7,493293,232642,4167,8530,0.2007062739588845,0.8270176142779241,-0.0001601600646972,0.001501121520996,0.0005847930908203,0.00386164188385,0.0036268997192382,-0.011343867778778,0.0192731773853301,0.0112259483337402,0.0011646819114685,0.0049346923828125,77548,0.0032585716247558,77547,0.0024696445465087,77547
laplace,0.1,1,336,11000,0.1,0.3,0.2071471730405692,22.9,551768,254374,2995,5213,0.1630902843223963,0.8666214785924519,8.202075958251953e-05,0.0012963247299194,0.0005805301666259,0.0044806575775146,0.0040941381454467,-0.012570195198059,0.0218443739414215,0.0138422584533691,0.0017639636993408,0.0051407814025878,84792,0.003971357345581,84791,0.0029333972930908,84791
laplace,0.1,2,337,11000,0.1,0.3,0.2011823991165964,22.6,539062,247750,3443,5948,0.1700360997436287,0.8587416660792265,1.6598701477050782e-05,0.0013837528228759,0.0005639362335205,0.0042922210693359,0.0039822483062744,-0.0123408842086791,0.0212423777580261,0.0136896610260009,0.0029322719573974,0.0050885725021362,82584,0.0036342048645019,82583,0.0031217670440673,82583
laplace,0.3,0,345,11000,0.1,0.3,0.1596033868784371,15.1,357048,163872,4778,3926,0.2507982120051085,0.8768484909591988,-0.0003469276428222,0.0026741313934326,0.0002188301086425,0.0047190856933593,0.0030492448806762,-0.0113451766967773,0.0179771518707275,0.0094558095932006,0.0040261578559875,0.0044895505905151,54624,0.0025549554824829,54624,0.0019985818862915,54624
laplace,0.3,1,346,11000,0.1,0.3,0.1873799132397303,17.5,412227,187118,4029,2682,0.2181686303905372,0.9063865297518116,-0.0001977443695068,0.0025838184356689,0.0001260423660278,0.0052573537826538,0.0037060832977294,-0.0124640870094299,0.0204884576797485,0.0125422477722167,0.0055146884918212,0.0049104690551757,62373,0.0033510828018188,62372,0.0027302932739257,62373
laplace,0.3,2,347,11000,0.1,0.3,0.1818252641429841,17.2,402775,181490,4270,2901,0.222717398051021,0.9005598659301098,-0.0002904987335205,0.0025913143157958,0.0001283979415893,0.0050265026092529,0.00348726272583,-0.0122806096076965,0.0197967183589935,0.011876163482666,0.005311484336853,0.0047683525085449,60497,0.0030163383483886,60496,0.0025446033477783,60497
normal,0.05,0,150,11000,0.1,0.3,0.1509954167692333,19.8,472313,244679,6236,19051,0.23400795658811,0.7559944358931471,-0.0002794933319091,0.0013092422485351,0.0006665802001953,0.0031868743896484,0.0029469585418701,-0.0110525012016296,0.0173355150222778,0.006175045967102,-0.0023928976058959,0.0043441009521484,81560,0.0029370021820068,81559,0.0011693334579467,81560
normal,0.05,1,151,11000,0.1,0.3,0.1462084492412708,20.0,459992,241613,6928,21628,0.2458847110384528,0.7407041861597593,-0.0002845048904418,0.0013078427314758,0.0006538772583007,0.0031333637237548,0.0028339099884033,-0.0108583402633667,0.0169705200195312,0.0055142402648925,-0.0018613958358764,0.0043175363540649,80538,0.0027437400817871,80537,0.0009542393684387,80538
normal,0.05,2,152,11000,0.1,0.3,0.157937126438575,20.3,480397,244893,6021,18662,0.2252574433229183,0.7638536460469154,-0.0002223205566406,0.001287841796875,0.0007030200958251,0.003242073059082,0.003056640625,-0.0112543964385986,0.0178377342224121,0.0061609983444213,-0.001677393913269,0.0043684959411621,81631,0.0029446697235107,81631,0.0014699554443359,81631
normal,0.1,0,155,11000,0.1,0.3,0.1477487810658989,18.3,430517,210154,5055,11263,0.2508007813861009,0.7859108931819185,-0.0002961158752441,0.001643648147583,0.0007196712493896,0.0037734365463256,0.0030451822280883,-0.0104656910896301,0.0170339655876159,0.0082617092132568,0.0006323242187499,0.0043569135665893,70052,0.0028308486938476,70051,0.0015768527984619,70051
normal,0.1,1,156,11000,0.1,0.3,0.1430417447997132,17.9,418579,203742,5661,12781,0.2640744041148744,0.7702655890524848,-0.0003688335418701,0.0016662693023681,0.0006464290618896,0.003496994972229,0.0030832433700561,-0.0100779604911804,0.016669955253601,0.0078234672546386,0.0015204000473022,0.004327425956726,67914,0.002789511680603,67914,0.0018857240676879,67914
normal,0.1,2,157,11000,0.1,0.3,0.1545730351457404,18.9,440112,210747,5225,11594,0.2435130148689424,0.7905646744465046,-0.0003169441223144,0.0016988372802734,0.000687198638916,0.0037424373626708,0.0032420349121093,-0.0104788875579833,0.0175965595245361,0.0087842464447021,0.0012755107879638,0.0045548820495605,70249,0.0029984855651855,70249,0.0019597816467285,70249
normal,0.3,0,165,11000,0.1,0.3,0.1313453479425247,12.6,290832,139330,5870,4649,0.2993033778951422,0.8495970182098256,-0.0002890014648437,0.0026804256439208,0.000429892539978,0.0043806600570678,0.0023627805709838,-0.0103050065040588,0.0153858280181884,0.0070715856552124,0.0032161808013916,0.0038374710083007,46444,0.0020710754394531,46443,0.0010282230377197,46443
normal,0.3,1,166,11000,0.1,0.3,0.1267908221772719,12.0,277976,134184,6157,5296,0.3116671942901545,0.8370758626644027,-0.0003491115570068,0.002655519247055,0.0003532743453979,0.0042220401763916,0.0022934818267822,-0.0102351737022399,0.0148691892623901,0.0065134620666503,0.0030268287658691,0.0037434577941894,44728,0.0018703842163085,44728,0.0010813570022583,44728
normal,0.3,2,167,11000,0.1,0.3,0.1375241529940536,12.9,301125,140587,5847,5145,0.2920049813200498,0.8518987131589871,-0.0003764533996582,0.0027163982391357,0.0003260612487792,0.0045320224761962,0.0025458812713623,-0.0105365896224975,0.0158990955352783,0.0070221519470214,0.0025711250305175,0.0040552330017089,46863,0.0021389102935791,46863,0.0011958217620849,46861
t3,0.05,0,510,11000,0.1,0.3,0.2161021132811895,26.2,623766,309578,2703,7557,0.1282900959654742,0.8585912024701571,0.0001984405517578,0.0004808902740478,0.000430245399475,0.0035514163970947,0.0035760927200317,-0.0129540205001831,0.0212247490882873,0.0133725357055664,-0.003386845588684,0.0047327041625976,103194,0.0033878517150878,103191,0.0024189281463623,103193
t3,0.05,1,511,11000,0.1,0.3,0.2077193809035198,25.3,605341,303116,3113,8491,0.1383748994368463,0.8503042087022026,0.000159158706665,0.0006323146820068,0.0005082130432128,0.0036257123947143,0.0035055685043334,-0.0127129364013671,0.0207888436317443,0.0129385948181152,-0.0013640546798706,0.0046450042724609,101039,0.003178391456604,101038,0.0024961471557617,101039
t3,0.05,2,512,11000,0.1,0.3,0.2137436799661899,22.7,619528,305665,2782,7661,0.1309044950349298,0.8555658501310676,0.0002237319946289,0.0005417919158935,0.0004595756530761,0.0035921478271484,0.0036254787445068,-0.0126976680755615,0.0212362098693847,0.0129130792617797,-0.0016110229492187,0.0045004653930664,101889,0.003402681350708,101888,0.0027822637557983,101888
t3,0.1,0,515,11000,0.1,0.3,0.2126800821720088,21.7,593927,283561,2891,5173,0.1430377807373633,0.8710986367011434,9.893417358398436e-05,0.0008205795288085,0.000385627746582,0.0038518238067626,0.003674669265747,-0.0124938678741455,0.0210638236999511,0.0146492481231689,0.000784854888916,0.0045790576934814,94521,0.0035244750976562,94521,0.00281907081604,94519
t3,0.1,1,516,11000,0.1,0.3,0.2043011946514654,21.3,574311,277211,2992,5883,0.1531852950753163,0.8622714870514407,8.897781372070313e-06,0.0009702682495117,0.000409517288208,0.0038494110107421,0.0037676334381103,-0.0120800447463989,0.0206498169898986,0.0130059623718261,0.002324628829956,0.0048898601531982,92404,0.003342056274414,92403,0.0029538774490356,92404
t3,0.1,2,517,11000,0.1,0.3,0.2103140957662916,21.7,587167,281363,2840,5509,0.1454645782205062,0.8681431347470141,7.328987121582031e-05,0.0008860778808593,0.0003640460968017,0.003875389099121,0.0036017799377441,-0.0124795722961425,0.0209655094146728,0.0138357639312744,0.0016837501525878,0.0047581195831298,93788,0.0032333183288574,93787,0.0027089595794677,93788
t3,0.3,0,525,11000,0.1,0.3,0.1953421068830953,17.3,466443,221012,3752,2939,0.1897166427623525,0.9051759807736424,-0.0002078628540039,0.0018927288055419,8.52823257446289e-05,0.0045949745178222,0.0035231447219848,-0.0121682286262512,0.0199479937553405,0.0132745504379272,0.0041908645629882,0.0047648334503173,73671,0.0030517578125,73670,0.0026350498199462,73671
t3,0.3,1,526,11000,0.1,0.3,0.1872560952522032,16.5,446780,212278,4036,3150,0.201338466359282,0.900315591566319,-0.0003237462043762,0.0020929050445556,0.0,0.004707236289978,0.0033814477920532,-0.0119576668739318,0.0195370197296142,0.0124925661087036,0.0054993271827697,0.0046561050415039,70760,0.0029653167724609,70759,0.002450361251831,70759
t3,0.3,2,527,11000,0.1,0.3,0.1930394021564031,16.8,461000,217073,3678,3061,0.1922190889370932,0.9034598698481562,-0.0002436780929565,0.0019477272033691,1.6565322875976563e-05,0.004708547592163,0.0034033966064453,-0.0122676849365234,0.0196670532226562,0.0128929710388183,0.0039092445373535,0.0045277976989746,72358,0.0030407905578613,72357,0.0025079011917114,72358
