family,alpha,rep,scenario_id,T,burn_in,n_rows,n_member,n_standalone,inc_member_mean,inc_standalone_mean,inc_member_median,inc_standalone_median,floor_rate_member,floor_rate_standalone,diff_fe_mean,diff_fe_median,diff_dec1_mean,n_dec1,diff_dec2_mean,n_dec2,diff_dec3_mean,n_dec3,diff_dec4_mean,n_dec4,diff_dec5_mean,n_dec5,diff_dec6_mean,n_dec6,diff_dec7_mean,n_dec7,diff_dec8_mean,n_dec8,diff_dec9_mean,n_dec9,diff_dec10_mean,n_dec10,diff_K2_mean,n_K2,diff_K2_median,diff_K3_4_mean,n_K3_4,diff_K3_4_median,diff_K5p_mean,n_K5p,diff_K5p_median,seconds
laplace,0.05,0,330,11000,8000,7500000,3749799,3750201,-0.0149426092814194,-0.0160846905685868,-0.012115478515625,-0.0124268531799316,0.0244322429015528,0.1761596245107929,0.000903980779618,8.141444081859715e-05,0.0005748512183238,13732,0.0015691623546195,170482,0.001670093154532,267730,0.0012637329483691,345122,0.000761579080516,410118,0.000820395833921,467544,0.000324096540145,515605,0.0008667101029636,550296,0.0007037943134198,560508,0.0011068881820717,448662,0.0007513722089383,1522434,5.227394503774785e-05,0.001054486088488,1786272,0.0002001986859663,0.0008212160511101,441093,-0.0002020229103283,10.9
laplace,0.05,1,331,11000,8000,7500000,3572691,3927309,-0.0209296793555721,-0.0223897551760561,-0.0174074172973632,-0.0178475379943847,0.0298335344422453,0.199589846380817,0.0009672288695911,7.386808933087159e-05,-0.0025410493605544,4225,0.0018244124178877,137081,0.0023221875203664,239628,0.001256863095114,308999,0.0012933866887191,373644,0.000867865574326,432515,0.0008953659592189,484792,0.0010611653263958,533388,0.0008506144740296,564517,-0.0001366132339808,493902,0.000771788955007,1412090,-9.414949032938816e-05,0.0010631106938277,1674963,0.0001793501796342,0.0012048137394249,485638,0.0001878650102826,10.9
laplace,0.05,2,332,11000,8000,7500000,3646783,3853217,-0.0191805689599277,-0.020373948914564,-0.0157282352447509,-0.0161851644515991,0.0280916084121265,0.1918184208156457,0.0012080353242892,0.0002936315117891,0.0040051094705695,7728,0.0014241893248534,149572,0.0011596320954219,250497,0.0009505858271344,321710,0.000656423727246,385328,0.0015907620051478,443367,0.0020386858637555,495987,0.0014490946455099,539940,0.0008026034078703,564867,0.0007380171619423,487787,0.0010850141394973,1445816,0.000417050269637,0.001156371695016,1703835,0.0001471166320799,0.0017428878324636,497132,0.000343324230963,10.9
laplace,0.1,0,335,11000,8000,7500000,4077425,3422575,-0.0136493025415513,-0.0160118536387162,-0.0115323066711425,-0.0124120712280273,0.0221691386107653,0.1840170047405827,0.0020752647292114,0.0006520205817424,0.0007345876435211,17174,0.0020184199974951,189770,0.0026692145623501,293095,0.0023052236888,373868,0.0020456970850058,441194,0.0024083369996355,500965,0.0019798405313443,550597,0.0018749258616001,588523,0.0021719454318127,606537,0.0015550914368202,515702,0.0015715323710151,1292430,0.0006266078245012,0.0020971067030708,1824999,0.000634808508972,0.0027119103311222,959996,0.000688035174138,11.0
laplace,0.1,1,336,11000,8000,7500000,3833925,3666075,-0.0190229711205408,-0.0224860839211508,-0.0165276527404785,-0.0179443359375,0.0272890053926459,0.2053610468962037,0.0031570649421181,0.0010079331342977,0.003243215572456,5745,0.0033166943811214,153114,0.0036962592542401,259251,0.0033554912585503,332716,0.0032301468426513,397958,0.0037591754322141,459099,0.0040773576402241,514894,0.001885433600319,562219,0.0044989782124402,599245,0.0011571754276192,549684,0.0022709862910173,1253622,0.0005391260281375,0.0033810076507537,1700593,0.0011473598082195,0.0039868523584751,879710,0.001336750081574,10.9
laplace,0.1,2,337,11000,8000,7500000,3942146,3557854,-0.017451767233718,-0.0203885643885534,-0.0150127410888671,-0.0161724090576171,0.0254998165973558,0.199037678330814,0.002928028407398,0.0008537416571692,0.0014860325526214,10222,0.0028395503009549,166103,0.0034707674789422,271893,0.0029791565998023,347628,0.0031285361327911,413572,0.0032128378914025,475624,0.0031869361195422,529408,0.0025242721729257,574479,0.003149997706329,602730,0.0022137581631869,550487,0.0022886699791601,1259360,0.0006609682197782,0.0031578185348752,1724890,0.0009670163573023,0.0033548176801388,957896,0.0008490319060312,11.0
laplace,0.3,0,345,11000,8000,7500000,4886088,2613912,-0.0091554709416213,-0.0157874460556672,-0.0096650123596191,-0.0124473571777343,0.0149326004771097,0.1949591263975222,0.0066697289358953,0.0030002376805466,0.0041514821320042,41984,0.0073880598791502,265126,0.0073899248109036,381044,0.0069071431180628,467039,0.0063679736440321,534878,0.0077570426367573,588484,0.00693823461142,630658,0.0064028623094234,661573,0.0071291379016941,680016,0.0046963129800385,635286,0.0045980127480736,831734,0.0018258416164174,0.0062885614870204,1341947,0.0028974967355366,0.0074935814426456,2712407,0.0033339745311737,8.9
laplace,0.3,1,346,11000,8000,7500000,4612993,2887007,-0.0129147924044692,-0.0223023668295516,-0.0137662887573242,-0.0180583000183105,0.0187520336579743,0.2154438835790838,0.0092616876537506,0.0044354819363429,0.0055082680908521,19053,0.0098853759507451,224625,0.0102575169055559,339772,0.0102923858543645,424471,0.0096303147004643,493508,0.0104605662661025,551378,0.0093942727594218,601682,0.0094640142509482,640606,0.0094619245666015,668633,0.0061340512144633,649265,0.0063349847702867,825302,0.0030987463387161,0.0086325395896781,1289828,0.004096916948635,0.0105535545545033,2497863,0.0049680940704836,8.7
laplace,0.3,2,347,11000,8000,7500000,4718441,2781559,-0.0118663752654444,-0.019967331975435,-0.0126845836639404,-0.0161757469177246,0.0174250350910396,0.2088954431669434,0.0085095380965795,0.0038972045158367,0.0053655291906719,24944,0.0094212946451687,240075,0.0083307873402811,354641,0.0086824809618824,438283,0.0095081007223335,507654,0.0091569673269481,565580,0.0092679918827175,612001,0.0078368584722988,648498,0.0095677470930778,673363,0.0058060407541441,653402,0.0058572761487845,827978,0.0024275755083027,0.0081447314777543,1313107,0.0037554317795073,0.0095474407642113,2577356,0.0043753126851492,7.1
normal,0.05,0,150,11000,8000,7500000,3902759,3597241,-0.0103855640091199,-0.0110917038702341,-0.0093946456909179,-0.0094852447509765,0.0203599556108896,0.1538843241250725,0.0007062208712815,0.0001132998655137,0.0010143385433869,28890,0.0002715824829578,206451,0.0010087628169573,295003,0.0006313930452049,374118,0.0005488564998351,441837,0.0007072151486242,497197,0.0012348289652616,541061,0.0001710112231447,566836,0.0009759134012417,552059,0.0005987581903079,399307,0.0005925883765131,1555800,4.388421408750797e-05,0.0007676614460522,1940635,0.0001306610843474,0.0008478706520984,406324,0.0003556376220114,7.1
normal,0.05,1,151,11000,8000,7500000,3904757,3595243,-0.0096901198557381,-0.0097650409456124,-0.0088019371032714,-0.0083876196295022,0.0195197806163098,0.1461472840639701,0.0003710709024748,-0.0001070469691631,-0.0001588601634905,33178,0.0002036929322524,212553,0.0005406538033027,301593,0.0004615570258552,381455,0.0003622522697524,447874,0.0003940236834156,500524,0.0004534350986065,540734,7.955305039082376e-05,559824,0.0007195348746922,545326,7.919900932566318e-05,381696,0.0002979395537785,1594038,-4.873519240881045e-05,0.0004111117619356,1923676,-0.000139279111512,0.0004732520773028,387043,-9.0858894487065e-05,10.0
normal,0.05,2,152,11000,8000,7500000,3893362,3606638,-0.0113141825443999,-0.011834999750356,-0.0099868774414062,-0.0098705291748046,0.0210026706995136,0.1567853496802285,0.0005546370531796,-9.103366385534408e-05,0.0015374157633827,26039,0.0004744935052517,204747,0.0008425410194145,292012,0.0007220824343619,372163,0.000854460819697,439274,0.0001742327399233,494126,-2.7694052737343988e-05,535989,0.0005499334107733,562643,0.0010630645709226,557446,0.0003884485942624,408923,0.000407525327617,1552340,-0.000120352909705,0.0006244427762198,1909012,-0.0001185367838812,0.0007747880985428,432010,0.0001440534710388,9.9
normal,0.1,0,155,11000,8000,7500000,4284295,3215705,-0.0095780667463242,-0.0109431047408692,-0.0089616775512695,-0.0094294548034667,0.0182485099648833,0.163644364144099,0.0010942708139935,0.0002084744283849,0.0011644134594431,36071,0.0016180360686875,228306,0.0014052884738854,323078,0.0013310105381009,407537,0.0014582577874893,477680,0.0008777033835838,534436,0.0007507613555722,580155,0.0010616114755857,608141,0.0012634923498857,609367,0.000549631339385,479524,0.0006652006265294,1278290,-0.0001232007832671,0.0010992171893601,1982515,0.0001552235711993,0.0016205777310846,1023490,0.000632336214585,10.0
normal,0.1,1,156,11000,8000,7500000,4328643,3171357,-0.0086970969130334,-0.0098292919455823,-0.0081782341003417,-0.0085196495056152,0.01717836282641,0.1568628192915525,0.0014249103879521,0.0006867718675083,0.000913324553573,42110,0.0016593529547602,236494,0.0014693669575038,332449,0.0013910509843963,417493,0.0016238260661553,487422,0.001568047166105,542641,0.0017560985066063,584028,0.0019084285750253,610990,0.0011047817375037,607831,0.0003473149704692,467185,0.001105620269422,1311608,0.0006402526716503,0.0014682413403968,2008698,0.000569770082561,0.0017539121763136,1008337,0.000970034312432,10.0
normal,0.1,2,157,11000,8000,7500000,4274226,3225774,-0.0103215344782236,-0.0117860337282352,-0.0094332695007324,-0.0098938941955566,0.018711691894626,0.1666375263735153,0.0014141474692581,0.0004437384930015,0.0015230496909251,32692,0.001752890838498,226084,0.0012589213741953,319986,0.001289624090958,404322,0.001068341527315,474452,0.002027209776368,531681,0.0013104000910468,575924,0.0017938380627175,608405,0.0014626268859053,613363,0.0007102878474026,487317,0.0008949197375001,1289838,0.0004023175127611,0.0014995351053333,1952856,0.0004485253214628,0.0019017425236432,1031532,0.0004288674780781,10.1
normal,0.3,0,165,11000,8000,7500000,5147846,2352154,-0.0063770097177473,-0.0105884661324239,-0.0070455074310302,-0.0092186816036701,0.0118101823558824,0.174411624408946,0.003982352413096,0.002203454975896,0.0040494179686842,78949,0.004772827675647,308816,0.0048128058919349,422980,0.0044312128372256,509906,0.0044453168984335,574209,0.0038143536985771,622103,0.0050644949072919,656508,0.0046773728044116,680377,0.0024373345618479,685831,0.0021496916004921,608167,0.002560083039047,745648,0.0015765818865107,0.0038263470965095,1313743,0.0022778057035761,0.0043920923014379,3088455,0.0023214733407048,7.1
normal,0.3,1,166,11000,8000,7500000,5213577,2286423,-0.0057135420587851,-0.0095473274110049,-0.0063023567199707,-0.0084268851205706,0.0109092087831444,0.1686673900673672,0.0041136909498366,0.0025330651915598,0.0032662367016965,87577,0.004636472897245,315383,0.0043066941327517,433677,0.0044234123241691,521203,0.0047881374954278,583857,0.0050211328708673,630081,0.0043093383705281,662426,0.0049324553858812,684911,0.0025575511899148,687896,0.002594894265665,606566,0.0025651430433954,728896,0.0018560085738976,0.003825099992937,1324840,0.0024075302045162,0.0045919008401925,3159841,0.0027320652829762,10.8
normal,0.3,2,167,11000,8000,7500000,5126620,2373380,-0.0067716990516971,-0.0114646641192504,-0.0073122978210449,-0.0095646590925753,0.0120596026231708,0.1766687171881451,0.0047065102605082,0.0025255876376212,0.0048231473136642,74663,0.0042686654953385,304694,0.0054148774631496,415350,0.0052438177594559,504591,0.0052574714937966,570880,0.0048118938749917,619604,0.0050845047579042,654886,0.0054731179690327,678280,0.0040034222037795,689774,0.0029097693965768,613898,0.0028765448833812,751372,0.0016500592664005,0.0045284254519549,1315470,0.0025561355787218,0.0052324470992102,3059778,0.0026839849151384,10.8
t3,0.05,0,510,11000,8000,7500000,3429453,4070547,-0.0234325598980225,-0.0256796097327754,-0.0164656639099121,-0.0170063972473144,0.032243334432634,0.2023226853786481,0.0021795584710087,0.0003117512953433,0.0005627467678041,3709,0.003186304900904,120796,0.0021056706137738,222984,0.0033519177072807,294526,0.001487509301584,359152,0.0024792299868801,415707,0.001634352000691,467717,0.0035758653464355,512718,0.0021241877889541,547242,0.0006306650281217,484902,0.0020082717266881,1493756,0.0004063693357737,0.0021563517452892,1556184,0.0003049915059525,0.002948898486519,379513,0.0003025414158723,8.2
t3,0.05,1,511,11000,8000,7500000,3464579,4035421,-0.0218506010514941,-0.0250546303132657,-0.015496015548706,-0.015965461730957,0.0311590528026637,0.1986070350528482,0.0026355953389842,7.42653026983839e-05,0.0020047007021467,4409,0.0020497491024006,126850,0.0038411530995054,228562,0.0027469713888413,300020,0.0033255368062199,366254,0.0024858443501115,423535,0.0027187862225803,476933,0.0026402299264529,519553,0.0026766287057957,544607,0.0016108873830839,473856,0.0023545393082797,1481474,-2.992531204171992e-06,0.0027528763337626,1577949,0.000200243794413,0.0032065205470577,405156,0.0002351363441339,8.2
t3,0.05,2,512,11000,8000,7500000,3412104,4087896,-0.0237133394475981,-0.0269603312241075,-0.0163395404815673,-0.0170594453811645,0.0327747923275492,0.202504662545231,0.0031501511594508,0.0004423156102101,0.003770479422787,3959,0.002725997673105,119950,0.0021663346210794,223295,0.0038555040848818,293037,0.0029445228829753,356967,0.0043691937918407,414196,0.0041464317758391,466141,0.0035932860559093,513020,0.0021001731871194,542061,0.0021225667215764,479478,0.0026171935620534,1478412,0.0002156296348682,0.0034279673874587,1558357,0.0004783481039073,0.0040959570231559,375335,0.0012103249822173,8.2
t3,0.1,0,515,11000,8000,7500000,3690687,3809313,-0.021266188028182,-0.0256654829191834,-0.0158630609512329,-0.017058253288269,0.029675233906316,0.2083569924550699,0.0041462219973066,0.0008063274066445,-0.0028024872823631,4417,0.0038175717203116,135466,0.0061314743594617,242543,0.0053008819799487,318716,0.0043611771577497,387014,0.0043784331670016,446462,0.0046369772743956,499350,0.0040349791550707,545869,0.0042773577290134,577508,0.0018564436378096,533342,0.0032781711188429,1330498,0.0007018021961541,0.0044412904183635,1614411,0.0008315042943396,0.005056115092822,745778,0.0009100465531561,8.3
t3,0.1,1,516,11000,8000,7500000,3732333,3767667,-0.0199407557180644,-0.0249588306781154,-0.0149769783020019,-0.015925757586956,0.028682328184543,0.2050717327194786,0.004451821297853,0.0004177286892233,-0.000664358866107,5825,0.0039573491254062,142645,0.0058527455157415,246968,0.0036278190080652,323628,0.0050648586851977,391452,0.0060442876715401,452968,0.0045596946712208,506277,0.0045759308114635,550879,0.0044124130403046,580138,0.0024945198974347,531553,0.003732066330455,1350706,0.000425263589498,0.0045783573960722,1635867,0.0003620862468818,0.0054778633564359,745760,0.0004566157352765,8.3
t3,0.1,2,517,11000,8000,7500000,3653672,3846328,-0.0216868690821095,-0.0268362628574392,-0.0158219337463378,-0.0170011520385742,0.0303059497404255,0.2079565237286055,0.0049575016661421,0.0007819232473972,0.0045772756717328,4741,0.0034016015785227,133339,0.0054536712888574,240383,0.0049839908189572,314238,0.0054394767815132,380947,0.0061603992256268,441352,0.0064846626917688,493863,0.0046774502215407,540350,0.0045684306640125,574288,0.0030481521065027,530171,0.0043466490255296,1348560,0.0008054618271024,0.0051093127457451,1594519,0.0007269047765181,0.0057761218695312,710593,0.0007693809962391,7.8
t3,0.3,0,525,11000,8000,7500000,4394447,3105553,-0.0145946988227265,-0.0256516325420595,-0.0138225555419921,-0.0173978805541992,0.0211899244660363,0.2190128456993005,0.0113337421402729,0.0039730652748547,0.0068881047436144,11080,0.0123244780456584,194538,0.0121464851183903,308985,0.0125286386338236,395505,0.0124260533106585,468864,0.0115180299330589,527824,0.0114897898929521,576613,0.0124842760641685,617826,0.010550402752265,649322,0.0085867241910988,643890,0.0081388436008079,951350,0.0025980391011281,0.0108336025468974,1371083,0.0038467977387589,0.0131316062568397,2072014,0.0046353783704321,7.8
t3,0.3,1,526,11000,8000,7500000,4455478,3044522,-0.0137660796961242,-0.0247137296065356,-0.0129778385162353,-0.0160865783691406,0.0205558191511662,0.2151943720557775,0.0107603724878419,0.0030449916442023,0.0077457478823526,14451,0.0101491282879424,205116,0.0116716087813768,317868,0.010938848900891,403834,0.011572802383509,475791,0.0119306327508047,535704,0.0115796651775752,586293,0.0112721404780532,625388,0.0097496385305457,655037,0.0086462423321831,635996,0.0081035973950552,963560,0.0021350269090906,0.0106572591172445,1419938,0.0029659858684809,0.0120665515057981,2071980,0.0034750119167972,7.8
t3,0.3,2,527,11000,8000,7500000,4359747,3140253,-0.0149854111374683,-0.0265253641034711,-0.0138258934020996,-0.0172634124755859,0.0218716820035658,0.2182833676140107,0.011997657034775,0.0037348311702437,0.0078244548098354,12429,0.0107170398132889,190504,0.0116900382365666,305676,0.0124514975500813,390362,0.0135175412198548,462068,0.0124424383068143,522700,0.013369659148962,572552,0.013407293223445,617386,0.0122698373089121,650672,0.0079765422749251,635398,0.0088661810884598,955214,0.0025626000139118,0.011683630744082,1383044,0.0033614215178153,0.0136922207161844,2021489,0.0044618165901048,7.8
