step,firm,market,K_at_entry,logshare_entry,before,after,floor_before,control,control_before,control_after,did
234,331,6,2,-3.528520107269287,0.0009764862,0.0012813187,False,305,-7.354259287239984e-05,0.004728770349174738,-0.00449748057872057
234,721,14,2,-3.0850675106048584,0.0147560695,-0.0047609806,False,711,0.005713152699172497,0.0028455115389078856,-0.016649408265948296
273,181,3,2,-4.625009536743164,-0.0025782108,-0.0075551034,False,185,-0.006002779118716717,0.0016853046836331487,-0.01266497652977705
273,705,14,2,-3.2313966751098633,0.010376377,0.004399643,False,706,0.001994762336835265,0.0003941965114790946,-0.004376168362796307
718,249,4,2,-4.936733722686768,-0.007838192,-0.00084493635,False,209,0.0006369304610416293,0.0008314228034578264,0.006798763759434223
718,722,14,2,-4.913170337677002,0.01596095,0.007895002,False,741,-0.0025558662600815296,-0.004140996839851141,-0.006480817683041096
910,315,6,2,-5.338798999786377,-0.007712631,-0.00092341425,False,342,0.002894611330702901,-0.00051794049795717,0.010201768949627876
910,732,14,2,-5.1730241775512695,0.006196861,0.0037726497,False,739,-0.0047778417356312275,-0.009114322252571583,0.0019122690428048372
959,19,0,2,-4.233625411987305,-0.010280915,-0.010389337,False,31,0.006261739879846573,-0.004039783496409655,0.010193100199103355
959,700,14,2,-3.5941596031188965,0.008851013,-0.002707076,False,708,-0.003969592973589897,0.0032623433507978916,-0.018790025264024734
1082,133,2,2,-5.1877875328063965,-0.0017068768,0.0015433693,False,-1,,,
1082,167,3,2,-5.311879634857178,0.010122471,0.0063680457,True,194,0.007688417565077543,0.007599983364343643,-0.00366599066182971
1117,430,8,2,-4.062999725341797,0.003532734,-0.005769119,False,429,0.0023208523634821177,-0.00306903850287199,-0.003911962732672691
1117,710,14,2,-5.95644998550415,-0.011456575,0.002885418,True,704,-0.0016798591241240501,0.0038863467052578926,0.008775787428021431
1197,38,0,2,-4.927192211151123,0.011993351,-0.0015174865,False,39,-0.005547485314309597,-0.004790706560015678,-0.014267616905272007
1197,141,2,2,-4.626747131347656,-0.0031868361,-0.00060541154,False,127,-0.0007259369012899697,0.0025637627113610506,-0.0007082750089466572
1300,182,3,2,-5.924152851104736,-0.0016257381,9.6340176e-05,True,190,-0.0027642440982162952,0.0020551776979118586,-0.003097343724220991
1300,738,14,2,-5.5412139892578125,0.007872811,-0.0015492917,True,712,-0.0026074028573930264,-0.0032431220170110464,-0.008786383084952831
1528,727,14,2,-5.515135765075684,0.008281593,9.333611e-05,True,701,0.005474186036735773,-0.01022778544574976,0.007513714954257011
1528,867,17,2,-5.820965766906738,-0.0026672555,-0.0020109653,True,871,-0.0037736797239631414,0.0030266856774687767,-0.006144075654447079
1545,1,0,2,-4.7355732917785645,0.0074174213,-0.0009802532,False,18,-0.005034198984503746,0.0001840210024965927,-0.013615894131362438
1545,717,14,2,-5.6626081466674805,-0.008211984,0.0020329761,False,701,-0.0009529781527817249,-0.005094318185001612,0.01438629999756813
1589,182,3,2,-5.9742536544799805,-0.0033120727,0.008900661,True,196,-0.0005574798560701311,0.002093744231387973,0.00956150982528925
1589,578,11,2,-4.979586601257324,0.008737621,0.004533272,False,599,0.002614727010950446,0.0009075927664525807,-0.002497214823961258
1874,49,0,2,-4.874767780303955,0.0076957415,0.0031137466,False,5,-0.008876103907823563,0.005115957465022802,-0.018574057146906853
1874,423,8,2,-4.538377285003662,-0.0051406957,0.00022009849,False,409,0.0006352710770443082,-0.005622043740004301,0.011618109419941902
2019,180,3,2,-5.925961017608643,-0.0073720934,-0.0001646328,True,199,-0.00022575378534384072,0.006400480400770903,0.0005812263116240501
2019,729,14,2,-5.473357200622559,0.0071881674,-0.0055159475,True,733,0.001775979995727539,-0.003616867121309042,-0.0073112682439386845
2120,8,0,2,-4.814548015594482,-0.0037237548,1.6527176e-05,False,44,0.005188608076423407,0.004594678990542889,0.004334211349487305
2120,737,14,2,-4.9677510261535645,0.0025278663,0.006028299,False,739,-0.0050024413503706455,0.001407136907801032,-0.0029091450851410627
2344,5,0,2,-5.848621845245361,-0.010828581,-0.00017532348,False,33,-0.0042910100892186165,-0.002770061604678631,0.009132308885455132
2344,168,3,2,-5.572189807891846,0.004876957,-0.0031115054,True,161,-0.006520729046314955,-0.006989545654505491,-0.007519645616412163
2662,185,3,2,-5.166911602020264,0.0019890594,0.001591177,False,190,-0.00968918763101101,0.0036716079339385033,-0.013758677989244461
2662,960,19,2,-4.870166778564453,-0.011425295,0.0010060406,False,986,0.0036125946789979935,-0.0003544807550497353,0.016398411244153976
3843,643,12,2,-4.998258113861084,-0.006366825,-0.0030008508,False,641,0.003458223305642605,-0.007719287648797035,0.014543484896421432
3843,865,17,2,-5.545966625213623,0.008229447,0.00046754838,True,852,-0.0006155204609967768,0.0022224998101592064,-0.01059991866350174
3846,167,3,2,-5.124655246734619,0.012012186,0.006792154,False,174,0.00875984225422144,0.009476718492805958,-0.005936908535659313
3846,295,5,2,-3.866734743118286,-0.01007101,-0.0017688131,False,254,0.004105329513549805,-0.0013116884510964155,0.01371921505779028
