metric_id,cost_type_id,alpha,median,q25,q75
0.000000000000000000e+00,3.000000000000000000e+00,0.000000000000000000e+00,0.000000000000000000e+00,0.000000000000000000e+00,0.000000000000000000e+00
0.000000000000000000e+00,3.000000000000000000e+00,2.000000000000000042e-02,2.000063853589058471e+00,2.000060641470909673e+00,2.000065853913784331e+00
0.000000000000000000e+00,3.000000000000000000e+00,4.000000000000000083e-02,2.000064670897483854e+00,2.000058258819103596e+00,2.000067172963142959e+00
0.000000000000000000e+00,3.000000000000000000e+00,5.999999999999999778e-02,2.000065605904579602e+00,2.000061539144039280e+00,2.000068802661896239e+00
0.000000000000000000e+00,3.000000000000000000e+00,8.000000000000000167e-02,2.000064737580299568e+00,2.000061236890316785e+00,2.000068825574397913e+00
0.000000000000000000e+00,3.000000000000000000e+00,1.000000000000000056e-01,2.000065432059288106e+00,2.000063165492058204e+00,2.000073158592224232e+00
0.000000000000000000e+00,3.000000000000000000e+00,1.199999999999999956e-01,2.000066577267646917e+00,2.000062838909149487e+00,2.000074312688350897e+00
0.000000000000000000e+00,3.000000000000000000e+00,1.400000000000000133e-01,2.000066252239227627e+00,2.000063560995102296e+00,2.000075995638847637e+00
0.000000000000000000e+00,3.000000000000000000e+00,1.600000000000000033e-01,2.000069691475868439e+00,2.000065632801533155e+00,2.000080599783897739e+00
0.000000000000000000e+00,3.000000000000000000e+00,1.799999999999999933e-01,2.000082783817291876e+00,2.000072571529865506e+00,2.000098205034256615e+00
0.000000000000000000e+00,3.000000000000000000e+00,2.000000000000000111e-01,2.000119034412384700e+00,2.000098205098153059e+00,2.000175393332958684e+00
0.000000000000000000e+00,3.000000000000000000e+00,2.200000000000000011e-01,2.000180638162613267e+00,2.000142371477604541e+00,2.000331852770328656e+00
0.000000000000000000e+00,3.000000000000000000e+00,2.399999999999999911e-01,2.000399655117988562e+00,2.000279944738864835e+00,2.000783353891849359e+00
0.000000000000000000e+00,3.000000000000000000e+00,2.600000000000000089e-01,2.000774536901474221e+00,2.000481006603241241e+00,2.001480827496529002e+00
0.000000000000000000e+00,3.000000000000000000e+00,2.800000000000000266e-01,2.001946868429183901e+00,2.001031101974964255e+00,2.003318775198459356e+00
0.000000000000000000e+00,3.000000000000000000e+00,2.999999999999999889e-01,2.006683074290275481e+00,2.003773373395442814e+00,2.010245736858367938e+00
0.000000000000000000e+00,3.000000000000000000e+00,3.200000000000000067e-01,2.016354916468619862e+00,2.010035484081745150e+00,2.023848647437572090e+00
0.000000000000000000e+00,3.000000000000000000e+00,3.400000000000000244e-01,2.036342270214080763e+00,2.019760151021480432e+00,2.050932177504062537e+00
0.000000000000000000e+00,3.000000000000000000e+00,3.599999999999999867e-01,2.050964692333221873e+00,2.027037047845363205e+00,2.072669064777850956e+00
0.000000000000000000e+00,3.000000000000000000e+00,3.800000000000000044e-01,2.077939279944419848e+00,2.040678161274433577e+00,2.106937697900772122e+00
0.000000000000000000e+00,3.000000000000000000e+00,4.000000000000000222e-01,2.113375139423370186e+00,2.057952516225337813e+00,2.143163284485817055e+00
0.000000000000000000e+00,3.000000000000000000e+00,4.199999999999999845e-01,2.146261518343925534e+00,2.073620153455734361e+00,2.176908148973464741e+00
0.000000000000000000e+00,3.000000000000000000e+00,4.400000000000000022e-01,2.193491413257598666e+00,2.096102613475323118e+00,2.241325011214256424e+00
0.000000000000000000e+00,3.000000000000000000e+00,4.600000000000000200e-01,2.207352074723243796e+00,2.101872380344390834e+00,2.259622658678531515e+00
0.000000000000000000e+00,3.000000000000000000e+00,4.799999999999999822e-01,2.274963933857917731e+00,2.136822753599644020e+00,2.339535839528560590e+00
0.000000000000000000e+00,3.000000000000000000e+00,5.000000000000000000e-01,2.325072382318496889e+00,2.166623643105983987e+00,2.398738826536178870e+00
