alpha,median,q25,q75
2.000000000000000042e-02,-3.069879905616705942e-03,-4.022756212891807209e-03,-2.308544052928661067e-03
4.000000000000000083e-02,-3.039305995285521058e-03,-3.989576485095923386e-03,-2.200053618679230234e-03
5.999999999999999778e-02,-3.085104886943817407e-03,-4.221921340385764720e-03,-2.228432410699006296e-03
8.000000000000000167e-02,-2.982881927598662539e-03,-4.298769200353920114e-03,-2.092666774034268509e-03
1.000000000000000056e-01,-3.565141366642978968e-03,-7.638262075182273431e-03,-1.972593359063066955e-03
1.199999999999999956e-01,-1.228844448427571061e-02,-2.951340534868298823e-02,-2.546577177919172839e-03
1.400000000000000133e-01,-2.447889012087829663e-02,-5.031349184511593048e-02,-3.405066149561623498e-03
1.600000000000000033e-01,-3.137392025727612360e-02,-6.241920426672734057e-02,-6.276101142421546854e-03
1.799999999999999933e-01,-3.164518114910555568e-02,-5.384745596320608674e-02,-1.558143424051275892e-02
2.000000000000000111e-01,-4.567807813706663278e-02,-7.095172765416607463e-02,-2.504608830364518646e-02
2.200000000000000011e-01,-4.875375170127280167e-02,-7.845927548316262989e-02,-2.241861720082393913e-02
2.399999999999999911e-01,-1.512748552820074484e-02,-3.672488563763938452e-02,-1.053596935814435668e-03
2.600000000000000089e-01,5.305728748893822830e-04,-1.314527892596052509e-02,1.129140514328441126e-02
2.800000000000000266e-01,1.371106812628019450e-02,3.273791223014260775e-04,2.607484222414446079e-02
2.999999999999999889e-01,1.060928693901365752e-02,2.464016756762650671e-03,2.302353430836472092e-02
3.200000000000000067e-01,1.122446209381808627e-02,4.787975543590426881e-03,1.812412949341660195e-02
3.400000000000000244e-01,7.287540585275664208e-03,3.585140144954537204e-03,1.260812033840616811e-02
3.599999999999999867e-01,6.517354572403541609e-03,3.405854126836458263e-03,1.297428275839907462e-02
3.800000000000000044e-01,5.569423271241867937e-03,3.028052487104249558e-03,9.365768254530632692e-03
4.000000000000000222e-01,3.895483691471981168e-03,2.029645601133004545e-03,7.432382469645349918e-03
4.199999999999999845e-01,3.725953874526382464e-03,2.088118040186590953e-03,5.818486567159749170e-03
4.400000000000000022e-01,2.700918042602734343e-03,1.531839346480260398e-03,4.844628588139044539e-03
4.600000000000000200e-01,2.923921096951272863e-03,1.499354606438403886e-03,5.034238068669110236e-03
4.799999999999999822e-01,2.297893785177161641e-03,1.432857193242832164e-03,3.914915229208265797e-03
5.000000000000000000e-01,1.907418436115198342e-03,1.132708675328688436e-03,3.667452147637869676e-03
