x,cost0,cost1,cost2,cost3
2.482359072164058433e-01,8.151080498946731978e-02,7.038236705492310896e-02,2.090347784998451003e-02,1.403170143574543616e-01
7.447077216492175022e-01,4.372884565315161148e-02,3.465951228024260339e-02,3.873855528162267053e-02,1.110766984492181364e-01
1.241179536082029244e+00,2.032592487396154418e-02,1.689351306548010981e-02,3.241591060515899153e-02,4.397938189943152720e-02
1.737651350514840765e+00,1.674004118440675440e-02,1.568839157178381766e-02,2.270853557031325340e-02,1.988806052695620344e-02
2.234123164947652729e+00,2.313664228739144985e-02,2.398791606683246813e-02,1.616643699794980890e-02,1.486073933146032401e-02
2.730594979380464249e+00,2.787639944140694881e-02,2.877568381101954648e-02,1.207984958511353416e-02,1.739375705152316001e-02
3.227066793813276213e+00,4.335605576463352068e-02,4.449679361340141970e-02,9.436517523690155645e-03,2.999800898170478305e-02
3.723538608246087733e+00,6.398968022911796782e-02,6.381145574314017743e-02,7.882546693264755322e-03,5.473088069375937198e-02
4.220010422678899253e+00,8.854055717295090944e-02,8.923352091785551055e-02,6.933556873157630841e-03,8.150454615844089645e-02
4.716482237111710774e+00,1.081919098676893676e-01,1.093824979278455872e-01,6.362185918968143138e-03,1.071665597416102678e-01
5.212954051544523182e+00,1.242692134725084385e-01,1.282118396370459934e-01,6.417543658474391711e-03,1.366115080857467912e-01
5.709425865977333814e+00,1.635127458638077069e-01,1.653852026349084681e-01,6.573731566367021183e-03,1.778477092228395173e-01
6.205897680410146222e+00,2.253781154583544832e-01,2.307943986389220381e-01,7.107538340177275288e-03,2.407141118952286218e-01
6.702369494842957742e+00,3.191258964709223767e-01,3.232942895781529269e-01,8.088161154287952168e-03,3.377651925757139684e-01
7.198841309275769262e+00,4.398092262538765840e-01,4.539272782794581684e-01,8.687210978230584107e-03,4.625522642302510312e-01
7.695313123708581671e+00,5.911086652938541963e-01,6.122017187977151220e-01,1.013046632964349249e-02,5.966971218724431703e-01
8.191784938141392303e+00,7.377511893772645823e-01,7.733880818392020462e-01,1.163303354481309837e-02,7.140123443134318570e-01
8.688256752574204711e+00,8.541681459916209418e-01,8.974447061902891543e-01,1.253457387391484004e-02,8.111961595469326936e-01
9.184728567007017119e+00,9.107197803498340294e-01,9.564247698817814891e-01,1.441278289287689293e-02,8.641793686259793272e-01
9.681200381439827751e+00,9.278444460223910228e-01,9.675980456310255828e-01,1.568996502577100355e-02,9.038172245204965094e-01
1.017767219587263838e+01,9.257497218869118472e-01,9.565938140732049844e-01,1.813954499892256669e-02,9.284007698604108683e-01
1.067414401030545079e+01,9.326670453738549194e-01,9.469964664310953628e-01,2.168244032732240603e-02,9.433334070747517730e-01
1.117061582473826320e+01,9.386139316906909613e-01,9.514788640230336103e-01,2.732497563270930296e-02,9.542674158794770545e-01
1.166708763917107561e+01,9.567622902317248768e-01,9.626848580028826152e-01,3.633247067522615836e-02,9.736411300134981683e-01
1.216355945360388624e+01,9.762538758313805687e-01,9.894538236705492373e-01,5.113473480677183103e-02,9.879709311328894739e-01
1.266003126803669687e+01,9.960235745224773618e-01,9.991057016969890903e-01,7.310582620437706958e-02,9.971793907484052255e-01
1.315650308246950928e+01,1.000000000000000000e+00,1.000000000000000000e+00,9.648853995939114803e-02,1.000000000000000000e+00
1.365297489690232169e+01,9.894553717247746016e-01,9.932982157658246658e-01,1.080820322616997675e-01,9.985454505231955435e-01
1.414944671133513410e+01,9.715022840777332025e-01,9.733237359856946602e-01,9.397371693610760690e-02,9.889277260358863009e-01
1.464591852576794473e+01,9.571291628204217083e-01,9.660112114470181810e-01,6.436128042451477738e-02,9.789228591022719472e-01
1.514239034020075536e+01,9.453892399820148507e-01,9.681815207433616122e-01,3.990897605975486651e-02,9.707541534853916243e-01
1.563886215463356777e+01,9.376079907216738896e-01,9.612616149718623548e-01,3.030243119329538784e-02,9.497378492577926989e-01
1.613533396906638018e+01,9.307025018343663136e-01,9.599365266326430612e-01,3.052188508919526436e-02,9.356513948189313368e-01
1.663180578349918903e+01,9.180335629245663931e-01,9.597729354796492585e-01,3.312369884598884151e-02,8.979215981240185052e-01
1.712827759793200499e+01,9.035243437714501891e-01,9.524113335950792347e-01,3.651238332862134089e-02,8.680397318762028691e-01
1.762474941236481385e+01,8.902222537811544933e-01,9.442754002530209245e-01,4.114068576376875286e-02,8.331803198902728580e-01
1.812122122679762626e+01,8.761982532131000756e-01,9.409381407320224211e-01,4.627907022722408531e-02,7.945766873880110159e-01
1.861769304123043867e+01,8.589434069445429643e-01,9.310081577454957236e-01,5.181682123997381761e-02,7.588213171692144154e-01
1.911416485566324752e+01,8.448365641790338554e-01,9.259095668106268606e-01,5.813946591643748968e-02,7.208149901555206407e-01
1.961063667009606348e+01,8.294811711519798347e-01,9.154724512498364497e-01,6.586582470180959992e-02,6.844291308099019755e-01
2.010710848452887234e+01,8.044864967218159357e-01,9.005583911355407034e-01,7.588162142819013245e-02,6.425790323651084934e-01
2.060358029896168475e+01,7.823557954034470185e-01,8.721044365920752606e-01,8.850516309774064672e-02,6.090027210583411899e-01
2.110005211339449716e+01,7.578640914577859933e-01,8.472767526065524413e-01,1.045747240515538662e-01,5.751609406455324702e-01
2.159652392782730601e+01,7.398873346114700489e-01,8.337750294464075784e-01,1.255216972682932641e-01,5.465013384067428648e-01
2.209299574226012197e+01,7.191531160500841402e-01,8.079276272739169817e-01,1.514172569844662308e-01,5.213757936420149175e-01
2.258946755669293083e+01,6.928388837605623518e-01,7.805915456092132887e-01,1.865971004406871414e-01,4.987334911399686210e-01
2.308593937112574324e+01,6.692702785864801385e-01,7.589811542991810045e-01,2.295290044899097048e-01,4.819591620025254208e-01
2.358241118555855564e+01,6.453939738218655853e-01,7.344261222353094531e-01,2.873303927829324311e-01,4.669546269052938792e-01
2.407888299999136450e+01,6.206478259840469969e-01,6.998756707237272501e-01,3.629055695817129945e-01,4.610866535406942801e-01
2.457535481442418046e+01,5.939430519065540537e-01,6.779490031845744058e-01,4.572786530671152927e-01,4.616452447846381979e-01
2.507182662885698932e+01,5.611316244171459244e-01,6.399195131527286584e-01,5.753389178748163912e-01,4.699577461672897472e-01
2.556829844328980172e+01,5.348943170252589141e-01,6.050582384504689104e-01,7.042374372529957016e-01,4.836847111917386144e-01
2.606477025772261413e+01,4.997573907074723820e-01,5.618810801378527620e-01,8.334068141423208731e-01,5.007189788288388677e-01
2.656124207215542299e+01,4.628393571445478250e-01,5.174660821009465783e-01,9.400950176057382146e-01,5.074607880007965255e-01
2.705771388658823895e+01,4.270692797462662393e-01,4.762792828163852632e-01,1.000000000000000000e+00,5.090148883923633072e-01
2.755418570102104781e+01,3.943051906554000952e-01,4.373227762509269700e-01,9.859075011714093506e-01,4.883359511536844999e-01
2.805065751545386021e+01,3.621505834457646178e-01,4.007547005191320899e-01,8.975130535526881781e-01,4.529290091365649751e-01
2.854712932988667262e+01,3.285048166820516702e-01,3.638212712123195525e-01,7.507952732398709417e-01,3.931542154281795209e-01
2.904360114431948148e+01,2.983384222111766237e-01,3.328152946821968383e-01,5.679961091417374819e-01,3.325387695506935581e-01
2.954007295875229744e+01,2.729768751923122294e-01,3.049775334816559602e-01,3.904598844209481445e-01,2.718514257903236753e-01
3.003654477318510629e+01,2.473431323818315319e-01,2.765181258997513880e-01,2.404028461786354987e-01,2.176846669468840700e-01
3.053301658761791870e+01,2.268396885133391883e-01,2.533917899053370615e-01,1.342148394329004679e-01,1.795621971993022203e-01
3.102948840205073111e+01,2.086913299723070492e-01,2.308271168695197051e-01,6.886898207002357941e-02,1.534300820741986149e-01
3.152596021648353997e+01,1.910755284148737132e-01,2.107326702438598875e-01,3.545663215375217253e-02,1.352620401300798636e-01
3.202243203091635593e+01,1.752940898009420212e-01,1.954259913623871137e-01,2.037362520042467276e-02,1.212142999358449685e-01
3.251890384534916478e+01,1.631162867760195534e-01,1.785433843737743442e-01,1.548632762687313091e-02,1.122879012454933711e-01
3.301537565978198074e+01,1.494887452957455731e-01,1.646654015617490252e-01,1.489123192718073974e-02,1.045505829259112535e-01
3.351184747421478960e+01,1.396068546001098809e-01,1.525651092788912755e-01,1.575718513802870299e-02,9.687410127646466085e-02
3.400831928864759846e+01,1.281154583540448089e-01,1.408901539938063330e-01,1.777576556788156709e-02,9.122182156051655832e-02
3.450479110308040731e+01,1.182158157589520142e-01,1.280373424071883648e-01,2.028070328053904053e-02,8.623874521602487020e-02
3.500126291751322327e+01,1.075587587871909834e-01,1.161878898922487913e-01,2.274016856431695932e-02,7.917063026790313596e-02
3.549773473194603923e+01,9.684844611706715234e-02,1.063560615975213675e-01,2.636807756410110629e-02,7.190341349025455853e-02
3.599420654637884809e+01,8.950507704324425773e-02,9.590258692143328878e-02,3.081844440797885248e-02,6.772227507023918791e-02
3.649067836081165694e+01,8.157589528746302110e-02,8.782663700213821922e-02,3.616442039458231394e-02,6.124593500431431414e-02
3.698715017524446580e+01,7.278278775828962710e-02,7.819111809099973942e-02,4.208374439749990731e-02,5.595314470278481972e-02
3.748362198967728176e+01,6.542758408483087540e-02,7.183832831653848283e-02,4.901532420853295380e-02,5.130743534721184107e-02
3.798009380411009772e+01,5.961087836398451523e-02,6.314073201587878936e-02,5.671993531052685333e-02,4.652899143862099934e-02
3.847656561854290658e+01,5.398944353712552269e-02,5.742594773808006731e-02,6.430592268500898157e-02,4.175054753003148988e-02
3.897303743297571543e+01,4.935028048001171425e-02,5.077869388823488123e-02,7.238617559079610353e-02,3.863128553414624244e-02
3.946950924740852429e+01,4.333238656536218120e-02,4.590913056755190763e-02,7.945021856421737028e-02,3.402429042320175706e-02
3.996598106184134025e+01,3.881156950460394606e-02,4.057605898006397954e-02,8.585194572569114502e-02,3.271906731854104522e-02
4.046245287627415621e+01,3.521385121541312918e-02,3.628997077171373931e-02,9.045454635320940295e-02,3.042939627900781430e-02
4.095892469070696507e+01,3.262799119505810364e-02,3.306722505780244209e-02,9.199270068663434330e-02,2.846603101564076227e-02
4.145539650513977392e+01,2.846812942318181425e-02,2.903197661737140500e-02,8.985154240501763701e-02,2.675707364555469231e-02
4.195186831957258278e+01,2.661601458022656158e-02,2.654539109191622268e-02,8.478630924019463222e-02,2.476052474393274777e-02
4.244834013400539874e+01,2.365736467135333768e-02,2.366073376085171473e-02,7.770644976977167384e-02,2.179611972656697594e-02
4.294481194843821470e+01,2.123127174607667908e-02,2.126684988875786331e-02,6.597851724294685749e-02,2.019224387761859793e-02
4.344128376287102355e+01,1.994130038580808895e-02,1.899293286219095114e-02,5.446608448777325723e-02,1.757073645554511551e-02
4.393775557730383241e+01,1.772823025397063379e-02,1.765148540766928176e-02,4.321857805737860936e-02,1.623232971262980953e-02
4.443422739173664127e+01,1.583469431229130378e-02,1.542664572699897416e-02,3.236252992777769594e-02,1.482202508683041521e-02
4.493069920616945723e+01,1.451513645293390185e-02,1.404702700344641862e-02,2.205808213111496233e-02,1.278123133420357334e-02
4.542717102060227319e+01,1.333759378920201452e-02,1.328905466125715647e-02,1.466980096915574891e-02,1.137645731477991175e-02
4.592364283503508204e+01,1.173400553859271257e-02,1.218208785935531897e-02,9.023311539518571317e-03,1.024821361414072866e-02
4.642011464946789090e+01,1.129020805226167191e-02,1.041530340705848663e-02,5.177925705959495611e-03,8.965112934982255588e-03
4.691658646390069975e+01,9.793131198371487697e-03,9.488286873445815964e-03,2.870694205824008902e-03,8.439705329292243249e-03
4.741305827833351572e+01,9.142228218419435823e-03,9.221087990228219941e-03,1.397782922532784513e-03,7.549277702807390480e-03
4.790953009276633168e+01,7.793083859972961894e-03,7.819657112943275215e-03,6.425451906975226685e-04,6.487401278676147541e-03
4.840600190719914053e+01,7.538639967809943054e-03,6.898093617763867078e-03,2.392245171520041751e-04,6.282768842775967276e-03
4.890247372163194939e+01,6.597789296788137206e-03,6.429132312524584933e-03,1.008301683863819408e-04,5.574851226688533855e-03
4.939894553606475824e+01,5.929134417382618018e-03,5.954717968852201587e-03,4.744949100535552066e-05,5.436586067296379603e-03
4.989541735049757420e+01,5.881796018840724019e-03,5.338524625921600882e-03,1.383943487656222478e-05,4.972015131739079483e-03
5.039188916493039017e+01,5.426163932874111633e-03,5.425773240849762064e-03,1.977062125223146412e-06,4.927770280733544637e-03
5.088836097936319902e+01,5.355156335061223363e-03,4.853204205383274475e-03,0.000000000000000000e+00,4.512974802557385458e-03
5.138483279379600788e+01,4.497147861487878380e-03,4.558740130000468217e-03,0.000000000000000000e+00,4.341526004911209526e-03
5.188130460822881673e+01,4.355132665861883266e-03,4.471491515072165655e-03,0.000000000000000000e+00,4.059465079751314875e-03
5.237777642266163269e+01,4.112523373334309520e-03,4.138856170658320593e-03,0.000000000000000000e+00,4.181138420016400174e-03
5.287424823709444865e+01,3.893583280077606880e-03,3.648082711686925945e-03,0.000000000000000000e+00,3.777404154591482675e-03
5.337072005152725751e+01,3.520793391559588498e-03,3.549928019892708946e-03,0.000000000000000000e+00,3.594894144193995240e-03
5.386719186596006637e+01,3.290018698667447703e-03,3.211839637045784800e-03,0.000000000000000000e+00,3.063955932128420174e-03
5.436366368039287522e+01,3.065161305593009939e-03,3.233651790777797557e-03,0.000000000000000000e+00,2.881445921730838196e-03
5.486013549482569118e+01,2.792965513976682079e-03,2.884657331064889585e-03,0.000000000000000000e+00,2.687874698581971603e-03
5.535660730925850714e+01,2.662784917986205785e-03,2.513850717619839619e-03,0.000000000000000000e+00,2.715527730460348590e-03
5.585307912369131600e+01,2.585860020355529917e-03,2.524756794485905845e-03,0.000000000000000000e+00,2.510895294560113247e-03
5.634955093812412485e+01,2.449762124547344086e-03,2.432055141124652136e-03,0.000000000000000000e+00,2.284140433157107880e-03
5.684602275255693371e+01,2.224904731472918031e-03,2.279370065000202016e-03,0.000000000000000000e+00,2.206711943897513191e-03
5.734249456698974967e+01,2.136145234206741992e-03,1.995812066483458949e-03,0.000000000000000000e+00,2.134814061013665110e-03
5.783896638142256563e+01,1.775189945324137045e-03,1.701347991100628839e-03,0.000000000000000000e+00,1.963365263367461422e-03
5.833543819585537449e+01,1.769272645506415149e-03,1.652270645203519038e-03,0.000000000000000000e+00,1.808508284848363984e-03
5.883191001028818334e+01,1.532580652796526654e-03,1.543209876543221067e-03,0.000000000000000000e+00,1.952304050616123681e-03
5.932838182472099220e+01,1.485242254254527921e-03,1.308729223923560912e-03,0.000000000000000000e+00,1.720018582837410303e-03
5.982485363915380816e+01,1.360978958081857874e-03,1.330541377655639155e-03,0.000000000000000000e+00,1.482202508683062858e-03
6.032132545358662412e+01,1.313640559539861526e-03,1.123325917201056312e-03,0.000000000000000000e+00,1.471141295931675461e-03
6.081779726801943298e+01,1.142038864825211178e-03,1.041530340705848663e-03,0.000000000000000000e+00,1.360529168418035022e-03
6.131426908245224183e+01,1.278136760633397009e-03,1.019718186973789069e-03,0.000000000000000000e+00,1.249917040904373984e-03
6.181074089688505069e+01,9.290160713862984131e-04,9.379226104785519293e-04,0.000000000000000000e+00,1.034223392252719368e-03
6.230721271131786665e+01,7.041586783119177864e-04,8.288618418182671851e-04,0.000000000000000000e+00,1.067407030506832555e-03
6.280368452575068261e+01,7.278278775828961192e-04,7.307071500239880604e-04,0.000000000000000000e+00,1.006570360374304217e-03
6.330015634018349147e+01,7.159932779474121028e-04,6.707237272608344760e-04,0.000000000000000000e+00,9.512642966174880092e-04
6.379662815461630032e+01,5.443915832327354083e-04,7.034419578589138928e-04,0.000000000000000000e+00,7.355706479658377303e-04
6.429309996904910918e+01,5.976472815924679634e-04,5.889281507656107806e-04,0.000000000000000000e+00,6.692033714576514723e-04
6.478957178348193224e+01,5.325569835972486813e-04,3.926187671770738899e-04,0.000000000000000000e+00,6.194279140765038098e-04
6.528604359791472689e+01,4.793012852375238783e-04,4.907734589713422810e-04,0.000000000000000000e+00,7.632236798442637235e-04
6.578251541234754995e+01,3.905417879713156924e-04,4.526021899402378826e-04,0.000000000000000000e+00,6.857951905847006931e-04
6.627898722678035881e+01,4.674666856020160636e-04,4.907734589713282948e-04,0.000000000000000000e+00,5.475300311926082405e-04
6.677545904121316767e+01,4.023763876068101172e-04,3.053701522488352416e-04,0.000000000000000000e+00,5.807136694467222946e-04
6.727193085564599073e+01,3.136168903406020398e-04,2.617458447847158904e-04,0.000000000000000000e+00,5.254076056898916670e-04
6.776840267007878538e+01,3.372860896115908893e-04,2.999171138158202889e-04,0.000000000000000000e+00,3.594894144193995131e-04
6.826487448451160844e+01,2.662784917986243407e-04,2.781049600837606946e-04,0.000000000000000000e+00,4.479791164303286908e-04
6.876134629894441730e+01,2.426092925276285793e-04,2.617458447847084094e-04,0.000000000000000000e+00,3.650200207950721242e-04
6.925781811337722615e+01,2.248573930743939353e-04,1.526850761244176208e-04,0.000000000000000000e+00,2.986527442868858119e-04
6.975428992781004922e+01,1.597670950791746261e-04,2.072154604545667963e-04,0.000000000000000000e+00,2.156936486516397079e-04
7.025076174224284387e+01,1.479324954436802013e-04,1.799502682894921950e-04,0.000000000000000000e+00,1.327345530163936580e-04
7.074723355667566693e+01,1.775189945324162361e-04,1.090607686602982967e-04,0.000000000000000000e+00,1.050815211379783307e-04
7.124370537110847579e+01,1.716016947146641177e-04,1.036077302272804030e-04,0.000000000000000000e+00,1.548569785191215343e-04
7.174017718554128464e+01,8.875949726620811807e-05,7.634253806220881041e-05,0.000000000000000000e+00,9.402030838661218348e-05
7.223664899997410771e+01,1.242632961726913518e-04,4.362430746411931733e-05,0.000000000000000000e+00,9.402030838661218348e-05
7.273312081440690235e+01,1.005940969017025293e-04,6.543646119617897261e-05,0.000000000000000000e+00,6.083667013251376897e-05
7.322959262883972542e+01,6.509029799521928207e-05,4.362430746411931733e-05,0.000000000000000000e+00,3.318363825409841451e-05
7.372606444327253428e+01,2.958649908873519458e-05,3.271823059808855118e-05,0.000000000000000000e+00,1.106121275136582533e-05
7.422253625770534313e+01,4.142109872423045284e-05,3.271823059808948630e-05,0.000000000000000000e+00,0.000000000000000000e+00
