step,alpha,hill,mean_k,k_eff,ccs,fhr
100,0.0,1.2460377552172055,0.0,0.0,0.0,0.2581368
200,0.0,0.9468898197949038,0.0,0.0,0.0,0.6116344
300,0.0,0.9556506308072491,0.0,0.0,0.0,0.6600224000000001
400,0.0,0.9482838000271052,0.0,0.0,0.0,0.6774696
500,0.0,0.9303151281060142,0.0,0.0,0.0,0.668668
600,0.0,0.9264324179368739,0.0,0.0,0.0,0.6361776000000001
700,0.0,0.9164517304014803,0.0,0.0,0.0,0.6637904000000001
800,0.0,0.8759898831383689,0.0,0.0,0.0,0.683344
900,0.0,0.9056617439572564,0.0,0.0,0.0,0.6844536
1000,0.0,0.883903871844768,0.0,0.0,0.0,0.6877352
1100,0.0,0.8662074240214354,0.0,0.0,0.0,0.6753488
1200,0.0,0.9217728270457481,0.0,0.0,0.0,0.6536055999999999
1300,0.0,0.8760431287968137,0.0,0.0,0.0,0.6707136
1400,0.0,0.8802443254483643,0.0,0.0,0.0,0.6881488000000001
1500,0.0,0.8718978285862111,0.0,0.0,0.0,0.6894264000000001
1600,0.0,0.8760024845975346,0.0,0.0,0.0,0.6681016000000001
1700,0.0,0.8560431655323896,0.0,0.0,0.0,0.6750336000000001
1800,0.0,0.8456350704595523,0.0,0.0,0.0,0.6872096000000001
1900,0.0,0.8580012082092562,0.0,0.0,0.0,0.6666264
2000,0.0,0.8884973384812431,0.0,0.0,0.0,0.6680392
2100,0.0,0.9115307524186571,0.0,0.0,0.0,0.6566624000000001
2200,0.0,0.9304610881480517,0.0,0.0,0.0,0.6269152
2300,0.0,0.9426424473355585,0.0,0.0,0.0,0.6469832
2400,0.0,0.8995284116076512,0.0,0.0,0.0,0.6717368
2500,0.0,0.8874595583359174,0.0,0.0,0.0,0.6639503999999999
2600,0.0,0.8871582431691891,0.0,0.0,0.0,0.6265104
2700,0.0,0.896315448409658,0.0,0.0,0.0,0.6611663999999999
2800,0.0,0.8953696399897083,0.0,0.0,0.0,0.6235392
2900,0.0,0.9115447145407181,0.0,0.0,0.0,0.647808
3000,0.0,0.8565087417004976,0.0,0.0,0.0,0.6764296
3100,0.0,0.9038813366493983,0.0,0.0,0.0,0.6440896
3200,0.0,0.873551088392937,0.0,0.0,0.0,0.6403456
3300,0.0,0.9117324348249636,0.0,0.0,0.0,0.6181767999999999
3400,0.0,0.8983408648228135,0.0,0.0,0.0,0.6307792
3500,0.0,0.8939585474668821,0.0,0.0,0.0,0.650772
3600,0.0,0.9169652869892018,0.0,0.0,0.0,0.6163671999999999
3700,0.0,0.8675286356271721,0.0,0.0,0.0,0.6225400000000001
3800,0.0,0.9358769143881462,0.0,0.0,0.0,0.6082848
3900,0.0,0.8880508104722225,0.0,0.0,0.0,0.6250816
4000,0.0,0.8893558372422454,0.0,0.0,0.0,0.6618048
4100,0.0,0.9084307783010782,0.0,0.0,0.0,0.6133216
4200,0.0,0.9080559519577207,0.0,0.0,0.0,0.6198232
4300,0.0,0.8881656933306195,0.0,0.0,0.0,0.662016
4400,0.0,0.8940998283300953,0.0,0.0,0.0,0.6448008
4500,0.0,0.8750094180381073,0.0,0.0,0.0,0.6536344
4600,0.0,0.8989997226608839,0.0,0.0,0.0,0.6353864
4700,0.0,0.8921209808488582,0.0,0.0,0.0,0.6591048
4800,0.0,0.9186292738191609,0.0,0.0,0.0,0.6639600000000001
4900,0.0,0.8634679428564777,0.0,0.0,0.0,0.6452696
5000,0.0,0.9111368853177243,0.0,0.0,0.0,0.6322111999999999
5100,0.0,0.8769609315421236,0.0,0.0,0.0,0.633688
5200,0.0,0.8813016403260223,0.0,0.0,0.0,0.644796
5300,0.0,0.8906933891261797,0.0,0.0,0.0,0.6349912
5400,0.0,0.868920189163606,0.0,0.0,0.0,0.6479792
5500,0.0,0.893637805314059,0.0,0.0,0.0,0.6300503999999999
5600,0.0,0.9338399105868161,0.0,0.0,0.0,0.6206503999999999
5700,0.0,0.8699967443611634,0.0,0.0,0.0,0.6383632
5800,0.0,0.8522298120006131,0.0,0.0,0.0,0.6431872000000001
5900,0.0,0.9178027247207423,0.0,0.0,0.0,0.6132544
6000,0.0,0.9059003160420908,0.0,0.0,0.0,0.6311072
6100,0.0,0.9062447116959786,0.0,0.0,0.0,0.6112960000000001
6200,0.0,0.8857147995271359,0.0,0.0,0.0,0.6237824
6300,0.0,0.8682602951494788,0.0,0.0,0.0,0.6389328
6400,0.0,0.8980220458045736,0.0,0.0,0.0,0.636604
6500,0.0,0.9146988329396721,0.0,0.0,0.0,0.6131127999999999
6600,0.0,0.8934866559194248,0.0,0.0,0.0,0.6225576
6700,0.0,0.8742606414703493,0.0,0.0,0.0,0.637888
6800,0.0,0.8957011534110062,0.0,0.0,0.0,0.621732
6900,0.0,0.8987855560496112,0.0,0.0,0.0,0.6249952000000001
7000,0.0,0.9054729769946475,0.0,0.0,0.0,0.6196032
7100,0.0,0.8953683007236949,0.0,0.0,0.0,0.6398176
7200,0.0,0.9251855392834549,0.0,0.0,0.0,0.6105143999999999
7300,0.0,0.9083677751927871,0.0,0.0,0.0,0.6297096000000001
7400,0.0,0.8496843687596902,0.0,0.0,0.0,0.6440864000000002
7500,0.0,0.8561721002303105,0.0,0.0,0.0,0.6301832
7600,0.0,0.902155751681682,0.0,0.0,0.0,0.6343616
7700,0.0,0.8840560963279878,0.0,0.0,0.0,0.6073864
7800,0.0,0.8838949914168917,0.0,0.0,0.0,0.608684
7900,0.0,0.9017253991128236,0.0,0.0,0.0,0.6384704
8000,0.0,0.8672090970959262,0.0,0.0,0.0,0.6324408
100,0.1,1.2899021522202783,2.876081461043703,1.8221846022502053,0.3398364411779332,0.2376448
200,0.1,0.9674716167979585,2.632303355220409,1.618185124388288,0.26844446778470143,0.5916368
300,0.1,0.9676543410929905,2.573375539825038,1.5403820452042694,0.14646010700647202,0.6481087999999999
400,0.1,0.9421625856810307,2.5230851207356957,1.5228360053184233,0.010691436139476273,0.6684176
500,0.1,0.9384079699509551,2.6117387074380884,1.482406029081587,0.0013280422692419558,0.6606583999999999
600,0.1,0.9295966771280832,2.59414508055173,1.4583580354813357,0.0011151412889566779,0.6312792
700,0.1,0.9192512751447529,2.625086852691555,1.4752817172141666,0.00013413085743065728,0.6628136
800,0.1,0.873002438869533,2.548988271515389,1.4158882589192965,0.0014303425179815299,0.6839392
900,0.1,0.8930308099658157,2.5404111716821776,1.4616516980056002,2.8100487889633528e-05,0.6812784000000001
1000,0.1,0.8912156054160866,2.657934455573306,1.3679102563059289,4.775990785644787e-06,0.6848320000000001
1100,0.1,0.8611093675762289,2.6519303731498853,1.3933936419960535,9.596017325615138e-07,0.6730280000000001
1200,0.1,0.9329722563997883,2.566612421291575,1.4457222649665875,1.2529794393064362e-06,0.6543216000000001
1300,0.1,0.8874676915106058,2.5116447359480785,1.3468489945865934,1.9717904157529073e-07,0.6698120000000001
1400,0.1,0.8879162636515318,2.5636443485871467,1.3166608799020203,3.521193072166993e-07,0.686844
1500,0.1,0.8866529645534893,2.527534674677505,1.4073740790349993,5.454613672762904e-07,0.6890616
1600,0.1,0.8861728207528905,2.485261597146579,1.370995148280668,1.2143164222488955e-07,0.6639632
1700,0.1,0.8445944036135102,2.5655075187969927,1.3890443872711455,1.7530939788612022e-07,0.6737864
1800,0.1,0.8616195780854715,2.4037208625442537,1.3575260379005134,5.105793339104449e-07,0.6872496
1900,0.1,0.8680793630568353,2.502581093318045,1.3596043623526088,9.569563835643673e-09,0.6658760000000001
2000,0.1,0.8980726173793006,2.591722245758438,1.3570169611048937,0.003356469818194957,0.6659383999999999
2100,0.1,0.9160789472623749,2.537840207194755,1.3308915068229599,0.001149610145353559,0.6550480000000001
2200,0.1,0.9298937345224163,2.5781857221575484,1.3446817030613436,4.359607016816281e-07,0.6265295999999999
2300,0.1,0.9457396177892411,2.545396481382598,1.3331227327159303,0.0005037671000466225,0.6450672
2400,0.1,0.9136452061457749,2.5316684472620556,1.2977101879494195,8.15363530693233e-09,0.6728647999999999
2500,0.1,0.87899985951081,2.473454275154803,1.361491312795949,0.0014550364533937273,0.6629584000000001
2600,0.1,0.8924929608059964,2.4910353339765536,1.3521794092119401,0.010550018817994866,0.6267384
2700,0.1,0.8900975892615399,2.5438762777838404,1.3137787579327935,0.00016524937462111816,0.660224
2800,0.1,0.879523002079765,2.5720968373166455,1.3336403970615216,6.63934631733382e-10,0.6262368
2900,0.1,0.9104971272576557,2.5445161709594264,1.3202201078753564,9.118589989543e-10,0.6453696000000001
3000,0.1,0.8556595881853484,2.62876571141277,1.2913609026317325,0.005074675274983316,0.6756504
3100,0.1,0.8939876243344868,2.382262258209627,1.3231819394770934,0.0011537370415798023,0.6446048
3200,0.1,0.8757605678440228,2.5613264497288277,1.3236306761798786,0.00022679063971063466,0.6415504000000001
3300,0.1,0.9186473625119496,2.5241260551043156,1.3736193994119872,1.150681278353927e-12,0.615808
3400,0.1,0.9086759454391309,2.5080378977747397,1.3410982181969653,2.0962921146326074e-10,0.630972
3500,0.1,0.8848609120739447,2.453798518739296,1.334351544206933,7.198371420120455e-12,0.6491408
3600,0.1,0.9216167926621275,2.496274063953014,1.3560091618961596,0.001945571254269056,0.6127864
3700,0.1,0.8741190349650305,2.510992651289466,1.270419502190831,9.878737336893989e-13,0.6195504
3800,0.1,0.9344666276556646,2.5204451345755694,1.3057440852710476,8.824325110582511e-14,0.6073176
3900,0.1,0.8899836553827762,2.5084770331538726,1.3375305575120175,4.425184583003807e-13,0.622992
4000,0.1,0.8765384934281476,2.408432455666498,1.271349022494984,3.864285921008115e-15,0.6608111999999999
4100,0.1,0.9168516632656101,2.4625940834916995,1.307539230240701,7.996465122387493e-14,0.6131344000000001
4200,0.1,0.9090311629946708,2.422807430254239,1.333405518441643,1.3312997628001885e-14,0.6215528
4300,0.1,0.8874820432042121,2.650874625232963,1.3200202454876284,0.030688651500007776,0.6609736
4400,0.1,0.8922114639218302,2.5516194331983804,1.3360724538905138,1.6154367474322507e-15,0.643876
4500,0.1,0.8633256739993136,2.4135980561512476,1.303637183021697,4.3060963731020744e-18,0.6515983999999999
4600,0.1,0.8956804351629317,2.4161347377476075,1.294506215230232,1.3043048127752742e-17,0.6359647999999999
4700,0.1,0.8862843156546815,2.401873175586024,1.3117668156984532,0.0013737084349873866,0.658476
4800,0.1,0.926548470536843,2.5083119658119655,1.3488711983316861,5.214228857442692e-05,0.6636152
4900,0.1,0.8688634309808414,2.5314984774562435,1.3487380094573589,8.916657201205222e-18,0.6457256
5000,0.1,0.9066911085653132,2.460422932330827,1.356342389513904,8.275343305077691e-20,0.6291936
5100,0.1,0.8801536241173267,2.5197261663286,1.2981769732759454,0.00024753487702081095,0.6325336
5200,0.1,0.8859230797492386,2.3623196506984168,1.3491332964215488,0.007108376859758259,0.6450104
5300,0.1,0.8826509507577303,2.4264339826839825,1.3101714678423728,2.9671523063458663e-19,0.6334264000000001
5400,0.1,0.8698798179132481,2.5622383953826784,1.2892556855263544,2.111712073003771e-20,0.6477999999999999
5500,0.1,0.8920166033754315,2.4738223017292786,1.3448788414479917,5.764183694180271e-16,0.6299192
5600,0.1,0.9201886898983993,2.456030165912519,1.2944682871188122,1.6047588831842767e-21,0.6194767999999999
5700,0.1,0.8650189427886597,2.5745178358081584,1.2686582119674512,1.974767195758586e-20,0.638156
5800,0.1,0.8509194730861059,2.4752801120448185,1.3048734759227858,5.700773826896184e-22,0.6452696
5900,0.1,0.9185908519358156,2.5564111560953666,1.3206174427311461,5.094645799907482e-21,0.6125512000000001
6000,0.1,0.9103963516826198,2.430544407283538,1.2864483216167808,4.472572428769151e-22,0.6289496
6100,0.1,0.9089205000986293,2.7459627329192546,1.2757034033387846,0.0014211658599183746,0.6128344
6200,0.1,0.8873770511786357,2.467229437229437,1.3048711300303368,1.4858889633762549e-21,0.6234632
6300,0.1,0.8686950127118195,2.3218170426065163,1.3465297323976197,0.00212946557119188,0.6361776
6400,0.1,0.9011217914407051,2.4938943001443,1.2240446618395204,0.00032738895363084504,0.6356568
6500,0.1,0.9124838911396459,2.45150382025382,1.2148737592612846,0.00022776181573441967,0.6140496000000001
6600,0.1,0.8891032084633764,2.5908442434758223,1.2814092591426811,5.4994515938886296e-06,0.6227600000000001
6700,0.1,0.877624652307056,2.4724400871459697,1.3489282177784268,5.980817197949905e-32,0.63842
6800,0.1,0.8893175945568924,2.408608294930876,1.2799149924231323,1.861849710360212e-25,0.6216712
6900,0.1,0.890023898371345,2.549002720047601,1.2968444508755996,3.5667343994782645e-26,0.6240528
7000,0.1,0.9009927089371409,2.5605598299751224,1.3074366482461446,1.832286077874912e-26,0.6191232
7100,0.1,0.8977920090815606,2.4688127090301,1.2851956103661748,1.6921596704567501e-31,0.6380744
7200,0.1,0.9207876758733867,2.5410970206264323,1.2823966322241462,3.41780884620175e-25,0.6089448000000001
7300,0.1,0.9033511227616741,2.49239416792358,1.3139361808599532,3.933540555197054e-26,0.6278888
7400,0.1,0.8519121317590621,2.2713454017801844,1.323490085559562,1.9399031266810947e-25,0.6449224
7500,0.1,0.8575019254292918,2.385539049235993,1.3075753905359726,1.2486754422401543e-25,0.6304432
7600,0.1,0.9087203888501649,2.4450156211067027,1.2672742225306028,3.8116061859057437e-38,0.6331856
7700,0.1,0.8887338777421434,2.636965046888321,1.286566471403554,4.860826208391563e-27,0.60754
7800,0.1,0.8886473975075118,2.483133126934985,1.2538775882266202,7.274915373809348e-26,0.607572
7900,0.1,0.9032834069233925,2.3872739541160595,1.2798586180387748,3.9894683696699816e-33,0.6381311999999999
8000,0.1,0.8677973698460374,2.4230174656261614,1.2724150691352336,7.479290767398927e-28,0.6311152000000001
